Country,Goods2009,Service2009,Total2009,Goods2010,Services2010,Total2010,Goods2011,Services2011,Total2011,Goods2012,Services2012,Total2012,Goods2013,Services2013,Total2013,Goods2014,Services2014,Total2014,Goods2015,Services2015,Total2015,Goods2016,Services2016,Total2016
Afghanistan,63459.8649118001,372507.050788,435966.9156998,65045.3892245821,604162.672804535,669208.062029117,66773.384176,470527.12549901,537300.50967501,54627.1112096,637905.262506264,692532.373715864,50485.15573,650375.78766,700860.94339,82110.76339,706606.23931,788717.0027,47816.7705838,580214.9683973,628031.7389811,60798.8479604,128360.7378363,189159.5857967
Albania,1128.51537,5837.84758482015,6966.36295482015,1733.56353110617,5871.99817415571,7605.56170526188,1307.44356417726,6371.60931228463,7679.05287646189,1042.55331907804,13268.2712343288,14310.8245534068,651.86235,5024.85688,5676.71923,349.60809,5419.32315,5768.93124,1292.2921111,14692.3602065,15984.6523176,5959.4613643,6793.4561133,12752.9174776
Algeria,3785.303521,6418.244776,10203.548297,4820.85015555555,5911.349794,10732.1999495556,4338.56968,6210.28398548338,10548.8536654834,5288.01106,6993.80112532054,12281.8121853205,6202.59488,8903.93319,15106.52807,5585.26093,6454.41022,12039.67115,6567.8745234,6955.9355513,13523.8100747,9352.0832954,8275.8360047,17627.9193001
Andorra,0,0,0,56.2752227,7.47270519496005,63.7479278949601,0,0,0,0,0,0,0,0,0,0,0,0,0,2.35839,2.35839,0,90,90
Angola,5866.21525,19224.62415,25090.8394,3000.7395858784,10221.1986427251,13221.9382286035,2401.51485,3615.38717,6016.90202,1849.07086,5011.93467707244,6861.00553707244,6952.60292,6511.05057,13463.65349,1573.61156,6483.35074,8056.9623,1363.0456218,4579.890767,5942.9363888,1778.5946436,7453.4873687,9232.0820123
Antigua and Barbuda,-30.28,603.57824,573.29824,42.09899,451.57077,493.66976,9.61282,676.96278,686.5756,25.36483,660.78119,686.14602,90.7266,504.82432,595.55092,19.08656,627.19034,646.2769,10.83,317.12461,327.95461,81.3627833,44.5825152,125.9452985
Argentina,86587.754718,84049.212950632,170636.967668632,248051.95058,96436.5496612238,344488.500241224,206061.010543202,159748.646803122,365809.657346324,145454.772030484,181585.299181468,327040.071211953,117755.52353,160082.42326,277837.94679,45583.68127,78072.87656,123656.55783,108362.6346911,72021.0867143,180383.7214054,4642.872267,16311.3263441,20954.1986111
Armenia,1489.69395555555,3877.04486289902,5366.73881845458,2163.68634747918,4275.90961332219,6439.59596080137,1897.10296713637,3970.23086428279,5867.33383141915,1638.89443,4048.62118744535,5687.51561744535,3858.64924,6118.38622,9977.03546,1462.35733,17020.74324,18483.10057,1909.0753643,7114.8105193,9023.8858836,485.5087123,5154.6905622,5640.1992745
Australia,36470.9694831462,38073.4502807798,74544.419763926,50706.1450950307,22573.8015186651,73279.9466136958,97015.2312282025,13097.9703338875,110113.20156209,60818.3084834231,17875.9069474525,78694.2154308757,78104.53882,23765.50842,101870.04724,89224.09527,29404.98681,118629.08208,92573.270093,25604.1505595,118177.4206525,15855.3741378,26933.3446842,42788.718822
Austria,39864.4144911581,66892.2650787882,106756.679569946,40457.5360680014,37394.2495902405,77851.785658242,44279.8570685647,64829.4774886999,109109.334557265,49269.8504784083,89451.1541069156,138721.004585324,56178.2606,80725.2671599998,136903.52776,52767.57679,68163.12077,120930.69756,45026.5063269,41011.2574057,86037.7637326,51062.4052446,78318.7856433,129381.1908879
Azerbaijan,3125.1966,5859.49145,8984.68805,3338.15477078582,5647.893724,8986.04849478582,3729.70353,5468.0516275945,9197.7551575945,3031.52492,10012.52739,13044.05231,1395.92686,6072.05396,7467.98082,5945.48955,7709.89692,13655.38647,3059.6876886,7954.0793373,11013.7670259,430.8709455,7953.1935846,8384.0645301
Bahamas,10.76,689.04,699.8,6.52,459.83832,466.35832,242.81291,288.17698,530.98989,3.12219,56.2121,59.33429,7.91433,111.71066,119.62499,4.81,42.79678,47.60678,5.345,41.81275,47.15775,28.17822,220.10885,248.28707
Bahrain,320.08932,1082.82891,1402.91823,484.3928,999.99437,1484.38717,90.56863,817.771933,908.340563,216.20237,578.543281017119,794.745651017119,87.92308,682.23496,770.15804,45.76863,1350.13214,1395.90077,134.8380878,3176.9082684,3311.7463562,20.27852,4589.0429001,4609.3214201
Bangladesh,38965.3884,35884.208885566,74849.597285566,30610.3764207158,46495.1911212605,77105.5675419763,33558.85308,42420.374758699,75979.227838699,18767.91059,44721.6259099531,63489.5364999531,32422.17236,50527.42927,82949.60163,20326.99637,47379.56706,67706.56343,15923.8619734,39644.911589,55568.7735624,11896.1016712,30599.5435321,42495.6452033
Barbados,1963.14566,769.88066,2733.02632,1309.67047,945.760463060535,2255.43093306054,1812.85662,1279.44075654732,3092.29737654732,580.5007,2592.8467,3173.3474,869.51874,3247.98083,4117.49957,314.90007,2190.2871,2505.18717,276.8247031,2329.0530928,2605.8777959,628.9458209,2906.4062906,3535.3521115
Belarus,5521.14270304939,6242.80162967828,11763.9443327277,4228.76928768806,7088.52466,11317.2939476881,2226.33084,5570.66074641275,7796.99158641275,4888.68611,4887.49769123586,9776.18380123586,3336.26752,5261.12499,8597.39251000001,3018.14085,5182.31513,8200.45598,3174.2034836,6612.016482,9786.2199656,906.9134718,4474.2626766,5381.1761484
Belgium,335478.094909687,52660.2027955853,388138.297705273,287523.180146782,37338.4529029273,324861.633049709,413459.767478088,41840.2746421099,455300.042120198,563358.444066997,46387.8014862294,609746.245553226,500207.40338,49915.67716,550123.08054,627902.97387,81474.73104,709377.70491,641095.0563262,67138.2221709,708233.2784971,833198.6766468,72767.4356358,905966.1122826
Belize,538.7953,1221.41713,1760.21243,694.95875,1630.67937,2325.63812,510.12051,1156.94242,1667.06293,315.91998,1715.75277,2031.67275,1243.61148,2125.71046,3369.32194,2473.5282,2045.93002,4519.45822,2710.8390816,2121.7341614,4832.573243,2157.5762664,1340.9114243,3498.4876907
Benin,6854.68947,11764.49123,18619.1807,18069.77292,21045.1596202566,39114.9325402566,7107.10219887384,26549.0260410632,33656.128239937,15771.2321,16805.1251910724,32576.3572910724,7930.20368,14641.93053,22572.13421,3877.97213,11386.32603,15264.29816,6188.9814323,14622.5328335,20811.5142658,12088.2429493,7214.1268087,19302.369758
Bhutan,2032.273053,1342.732043828,3375.005096828,1370.32760985373,1877.60883994483,3247.93644979856,1100.05303,1895.16374,2995.21677,1558.17908,2561.27661,4119.45569,715.65154,1134.09982,1849.75136,688.41585,1104.70677,1793.12262,1537.4334624,1329.9364311,2867.3698935,433.0442777,1195.8251872,1628.8694649
Bolivia (Plurinational State of),9757.879739,11564.482085,21322.361824,13324.32012,9030.80903169658,22355.1291516966,9098.00591,9864.66820000001,18962.67411,5486.23596676547,12360.5425281425,17846.778494908,4147.23794,7848.52494,11995.76288,6107.30794,7816.24063,13923.54857,2296.0645176,5512.9412275,7809.0057451,3359.6922721,7286.8102008,10646.5024729
Bosnia and Herzegovina,4606.58592703094,9989.32931609489,14595.9152431258,2854.65562677891,13772.9493637397,16627.6049905186,2930.22115,18084.8920987004,21015.1132487004,6668.27235124796,17774.876828913,24443.149180161,2933.77937,14468.04922,17401.82859,9349.40958999999,33168.18714,42517.59673,10115.2183631,58767.9734046,68883.1917677,3669.0195618,20105.5569845,23774.5765463
Botswana,1404.87606,5948.423028,7353.299088,1040.760404,5627.89607,6668.656474,1672.96487,5351.93746640081,7024.90233640081,1381.7728424,6641.63607084394,8023.40891324394,1592.23658,6419.29975,8011.53633,3982.32924,3831.22358,7813.55282,1976.0382063,4688.7529735,6664.7911798,2818.4766321,3002.631633,5821.1082651
Brazil,30363.3421700672,94724.1573450321,125087.499515099,97135.87499,130107.474226768,227243.349216768,109841.25761,79059.7974899784,188901.055099978,31938.232481736,171941.601270924,203879.83375266,43776.38912,118623.9119,162400.30102,23062.50412,80331.0697500001,103393.57387,19782.1900011,85524.5407122,105306.7307133,16416.10498,92789.9144344,109206.0194144
Brunei Darussalam,0,0,0,0,0,0,0,2,2,0,24,24,0,70.32803,70.32803,0,10.36074,10.36074,15.6328326,105.5335525,121.1663851,0,120.765477,120.765477
Bulgaria,12746.6480727,26216.817314,38963.4653867,1662.65931777778,17724.1693409889,19386.8286587667,3152.55465,28366.566568084,31519.121218084,1458.5736,23600.6138618573,25059.1874618573,3246.42187,17938.03618,21184.45805,1972.71499,22734.11431,24706.8293,22268.1713293,17548.4827677,39816.654097,9785.2906288,14542.612242,24327.9028708
Burkina Faso,11926.1032653753,18687.219654895,30613.3229202703,14092.6553929909,15086.9407068559,29179.5960998468,9908.3179812643,13630.9040210011,23539.2220022654,15200.9248106828,19821.4932123671,35022.4180230498,15127.3819,25408.84032,40536.22222,20116.81217,26922.37953,47039.1917,16456.9236923,22753.5247816,39210.4484739,10186.7448401,24571.2455971,34757.9904372
Burundi,12984.0908977,22251.359306,35235.4502037,10540.4248370862,30973.9669132,41514.3917502862,8765.5642945,14460.6425739578,23226.2068684578,6601.9461581,13684.2059515999,20286.1521096999,5791.15635,12644.19842,18435.35477,10283.62993,18025.3572,28308.98713,11345.3225325,17349.3476561,28694.6701886,8041.3897275,19379.6554853,27421.0452128
Cabo Verde,1587.98801,2862.92623,4450.91424,1729.76,4161.99169046743,5891.75169046743,2818.56533,4376.97809426117,7195.54342426117,812.13939,3758.57867062249,4570.71806062249,914.65641,3769.51015,4684.16656,701.15377,3139.65549,3840.80926,1272.5884289,3788.6072908,5061.1957197,477.3126288,1509.2556089,1986.5682377
Cambodia,8738.58744,26088.6474549495,34827.2348949495,11833.88941,18596.7244084173,30430.6138184173,7862.14652,10302.356480336,18164.503000336,11305.55464,14624.2865367085,25929.8411767085,5120.43631,19483.57599,24604.0123,5011.5757,20533.75899,25545.33469,3616.1163842,15249.9960657,18866.1124499,5772.0435666,10297.6542494,16069.697816
Cameroon,5518.66050933196,38616.42401,44135.084519332,9148.12111887045,32938.3931179678,42086.5142368382,6853.19975,46602.1554851695,53455.3552351694,7169.07354703292,39492.5597397648,46661.6332867977,8233.06189,13824.85142,22057.91331,25880.75388,27120.90925,53001.66313,14515.770367,57723.5872182,72239.3575852,16089.5836053,30653.509126,46743.0927313
Canada,50511.787574027,133441.577296807,183953.364870834,48717.0079228751,109321.576417268,158038.584340143,26159.0156591155,121256.553386418,147415.569045533,38174.1742531212,113973.656449816,152147.830702937,43642.35605,117249.74755,160892.1036,60444.07939,120075.91729,180519.99668,41972.3698623,110121.792738,152094.1626003,39540.8456319,86332.8483745,125873.6940064
Central African Republic,4183.0595154,12778.03174,16961.0912554,7875.65216247875,11871.448688,19747.1008504788,12044.8803267237,13924.900451665,25969.7807783887,5984.9365034,13789.1608413192,19774.0973447192,4101.86929,11550.60537,15652.47466,19232.99032,40090.16234,59323.15266,18778.8697735,18846.9180911,37625.7878646,16463.7903934,24882.394378,41346.1847714
Chad,31035.6102438,38473.3322905353,69508.9425343353,15263.8660964525,63194.3912989999,78458.2573954524,13097.0398182,47116.7645537,60213.8043719,13768.63102,40201.3835679597,53970.0145879597,12438.29363,55929.85385,68368.14748,33784.83169,71279.5734,105064.40509,15881.9325136,50673.5562049,66555.4887185,23962.3474706,43165.2976094,67127.64508
Chile,5230.81360869853,14844.4599150536,20075.2735237521,10045.64564554,14045.6361460124,24091.2817915524,3863.7110088805,21039.1114686989,24902.8224775794,3719.03375445994,21836.3362856496,25555.3700401095,4716.37097,22080.96808,26797.33905,2828.70783,11870.04876,14698.75659,3403.368821,22936.7978383,26340.1666593,1803.2621297,20334.606418,22137.8685477
China,91774.9560734076,39796.214057065,131571.170130473,101906.054214797,47615.4136151151,149521.467829912,86857.6570025526,40617.4606795063,127475.117682059,76242.4076276093,96458.8289853376,172701.236612947,113056.3054,65056.43767,178112.74307,128358.5568,36870.44774,165229.00454,131263.3396028,82935.5517964,214198.8913992,158765.9396196,69818.2533218,228584.1929414
Colombia,18378.643252,61926.579984,80305.223236,18920.65001,55696.2066877327,74616.8566977327,20212.31258,50019.215838629,70231.528418629,16570.7888966836,55277.5870062624,71848.3759029461,11426.52357,59674.00426,71100.52783,12341.41255,51404.04842,63745.46097,8224.1608511,60358.2171892,68582.3780403,12171.7961468,50497.8796752,62669.675822
Comoros,1383.89894,1379.50449,2763.40343,1655.33487796932,1842.81801353094,3498.15289150026,1372.89488,1939.14911,3312.04399,1655.74768,1922.41725,3578.16493,869.23513,878.62743,1747.86256,732.08918,3972.19426,4704.28344,1535.1253955,4343.0112027,5878.1365982,738.4858936,2301.5070731,3039.9929667
Congo,2651.63650000001,6664.826061,9316.46256100001,3274.21072,11525.6927025574,14799.9034225574,7262.01403089808,14058.8383874945,21320.8524183926,5494.41387,15131.9686187827,20626.3824887827,4585.01644,15492.92669,20077.94313,13280.98907,37700.64886,50981.63793,10139.9157834,38428.994553,48568.9103364,2602.8509702,14386.267345,16989.1183152
Costa Rica,1128.8012,6718.90558,7847.70678,3760.452471,6962.31005864783,10722.7625296478,3062.86012878221,7036.12579892461,10098.9859277068,1806.91034,7357.92338039863,9164.83372039863,1398.3127,6326.26583,7724.57853,1020.89666,6258.72415,7279.62081,1661.2565956,7898.1502891,9559.4068847,2090.8674011,13258.0963279,15348.963729
CÃ´te d'Ivoire,36737.4264062,43234.109643,79971.5360492,22190.4026585955,50010.5866237374,72200.9892823329,29442.208782907,52575.240511065,82017.4492939721,32783.3466637136,48638.7790386444,81422.1257023581,34296.47156,41326.92867,75623.40023,41051.9635,31908.02489,72959.98839,27666.5406575,36493.7156163,64160.2562738,18295.7008652,38523.7636301,56819.4644953
Croatia,2798.57751,5603.99578733004,8402.57329733004,724.4276206,5706.251846,6430.6794666,837.824842294051,6254.10090916949,7091.92575146354,724.722251830261,6607.97937805829,7332.70162988856,1444.96906,5183.93072,6628.89978,603.02857,2941.25315,3544.28172,2006.2991363,2900.5146951,4906.8138314,554.7166957,4542.758936,5097.4756317
Cuba,6465.15769,2386.7780313486,8851.9357213486,7176.74944,2813.97423,9990.72367,8993.92906,4547.13977601293,13541.0688360129,5590.16829,3317.84451955851,8908.01280955851,16800.66125,5628.38145,22429.0427,5124.49547,4754.53302,9879.02849,1691.9074,2904.4794515,4596.3868515,1786.0868374,2056.3592169,3842.4460543
Cyprus,14009.6046576,10781.162904,24790.7675616,18690.8370457083,20733.4158525272,39424.2528982355,12986.9368632,14455.2818808042,27442.2187440042,15411.968940082,15426.5000058,30838.468945882,11120.73477,6003.35257000001,17124.08734,15016.85826,10640.99781,25657.85607,20010.7355298,8302.7032,28313.4387298,10208.1505717,11594.2464382,21802.3970099
Czechia,17658.2125909661,1140.98183023256,18799.1944211987,8051.25503842001,4264.63841806979,12315.8934564898,11565.3119410228,2850.44020817912,14415.7521492019,12897.8749861235,1613.80765533892,14511.6826414624,6033.56081,3717.80743,9751.36824,16157.77913,3442.14909,19599.92822,13763.4254559,1887.3141818,15650.7396377,8081.274933,5032.5490842,13113.8240172
Democratic People's Republic of Korea,1636.03235,1716.66874223852,3352.70109223852,4802.45984203096,2504.84045,7307.30029203096,4104.13142,1900.5957,6004.72712,5270.05708,3157.90827,8427.96535,2793.81937,1092.23476,3886.05413,2468.84577,1459.61288,3928.45865,2937.71469,1361.9674896,4299.6821796,2073.7573422,863.7987435,2937.5560857
Democratic Republic of the Congo,65956.1722684,99835.667959,165791.8402274,61998.7618275,95761.5149309,157760.2767584,56314.6507504,96565.1760556,152879.826806,40255.8804062,117045.4267843,157301.3071905,25935.40471,118693.7369,144629.14161,26470.60244,98822.61903,125293.22147,37013.1737945,79236.8010676,116249.9748621,39296.8191242,105395.1436529,144691.9627771
Denmark,246278.883051965,100503.482688357,346782.365740322,348053.279272202,121842.508930809,469895.788203011,298004.828487837,124395.714257709,422400.542745546,204675.513674537,192768.530705047,397444.044379584,299520.7925,253183.24696,552704.03946,189947.63242,236771.40799,426719.04041,232692.7319504,333055.2188498,565747.9508002,247922.8310755,490698.598576,738621.4296515
Djibouti,3743.00240374002,20025.371527,23768.37393074,2667.68355,8433.2284132227,11100.9119632227,3460.85019,18944.19461,22405.0448,3059.34218038722,22150.0911433301,25209.4333237173,1496.92485,31695.60534,33192.53019,2369.38913,19148.26264,21517.65177,2540.113707,23146.2748252,25686.3885322,2676.4881833,17099.7028041,19776.1909874
Dominica,16.38,196.68712,213.06712,47.185,165.50014,212.68514,749.50172,270.48148,1019.9832,1.84,151.84999,153.68999,5.78962,83.86431,89.65393,21.46136,103.72711,125.18847,2.2069,71.8855412,74.0924412,51.2964955,207.5624847,258.8589802
Dominican Republic,9177.2789951,5793.05701,14970.3360051,28784.78653676,10676.9984906306,39461.7850273906,20912.0937466,10624.1147288,31536.2084754,10267.7067091,12779.0440560404,23046.7507651404,4255.42407,7310.44213,11565.8662,5737.9561,21460.69731,27198.65341,5011.9775219,19201.4722713,24213.4497932,2596.0531309,8522.9131003,11118.9662312
Ecuador,7956.86776,15736.74352,23693.61128,6856.74094,11560.0541653005,18416.7951053005,8642.82828,9021.66998,17664.49826,3586.62652,13677.713701101,17264.340221101,4590.40231,11032.10715,15622.50946,4345.19444,7292.09591,11637.29035,4709.31014,9316.8851681,14026.1953081,4622.2165196,10219.9165375,14842.1330571
Egypt,11763.8556322642,61235.5735823088,72999.429214573,14430.2592794154,75952.4782659218,90382.7375453371,24783.9757108,75314.5469498773,100098.522660677,14185.6311431158,66231.757171599,80417.3883147148,65490.8053,61251.35998,126742.16528,21206.5326,76670.92267,97877.45527,35293.1660684,46831.6779224,82124.8439908,29590.9942134,34319.6097622,63910.6039756
El Salvador,9738.72462,11281.7606946914,21020.4853146914,12327.38737,12040.3067014643,24367.6940714643,15904.73794,18327.1467802962,34231.8847202962,13663.8254883926,17007.1170270487,30670.9425154414,17307.21795,28785.93443,46093.15238,10708.47545,37902.54363,48611.01908,6716.4226693,31156.047149,37872.4698183,11726.9769474,10826.2064062,22553.1833536
Equatorial Guinea,121.23237,1158.06096,1279.29333,164.34379,1122.491576,1286.835366,200.904150477548,1141.3374,1342.24155047755,173.75325,658.907477337851,832.660727337851,1950.4773,2684.33865,4634.81595,760.80907,1681.34922,2442.15829,1395.5036135,2788.65792,4184.1615335,541.6126653,1609.6686881,2151.2813534
Eritrea,1589.8073207,11616.36503,13206.1723507,1646.51896,10191.671523,11838.190483,1632.26585,6057.24161455665,7689.50746455665,440.65602,5458.11444293185,5898.77046293185,2035.53197,3500.19046,5535.72243,1005.75926,9509.44259,10515.20185,2145.5109399,5806.9550832,7952.4660231,591.6667148,1951.9851461,2543.6518609
Estonia,69.59642,289.542,359.13842,3133.4436,1295.85017,4429.29377,1.73,564.726914056085,566.456914056085,1019.59178,2528.04603,3547.63781,319.15831,3391.81373,3710.97204,123.34703,1402.39269,1525.73972,533.0556476,587.14312,1120.1987676,38.0571586,615.771405,653.8285636
Ethiopia,68401.4243771,125323.875555,193725.2999321,115919.181379234,142750.820353703,258670.001732937,79836.51619,93959.8504182498,173796.36660825,84092.7049500129,128862.92064537,212955.625595383,95125.68118,175850.08486,270975.76604,125402.08921,187559.24279,312961.332,97789.210343,225790.2427227,323579.4530657,93725.3379968,155407.4065421,249132.7445389
Fiji,1333.71085,4195.173673,5528.884523,1410.19084430851,4460.58532060662,5870.77616491513,1181.44193,5090.53473502783,6271.97666502783,2156.37929,6229.80062770571,8386.17991770571,970.37794,4764.15595,5734.53389,1190.26457,5751.30807,6941.57264,1805.9518406,9915.8260682,11721.7779088,3036.5734743,12291.5050114,15328.0784857
Finland,6269.273008,3278.47748430302,9547.75049230302,16818.1082818969,2460.84233554112,19278.9506174381,19079.153784204,2736.17549468944,21815.3292788935,30623.17136666,2237.41387486343,32860.5852415235,28633.00768,4654.98435,33287.99203,8301.87454,13254.86745,21556.74199,6618.2424409,3337.1416178,9955.3840587,6166.7807371,3072.371021,9239.1517581
France,348933.927209236,59148.1211600224,408082.048369258,373044.963814837,70725.8016798139,443770.765494651,374166.575161873,62545.2535903836,436711.828752256,349179.482772836,96384.2867923197,445563.769565155,369917.48205,131806.83766,501724.31971,437728.83279,117539.76078,555268.59357,421264.8433263,123117.8004224,544382.6437487,407842.1505788,201633.4120302,609475.562609
Gabon,3331.76417,1946.95292,5278.71709,1988.81709,2059.75649,4048.57358,816.94697,3260.4910935,4077.4380635,733.6116732,2570.78239069293,3304.39406389293,1185.53858,2374.19846,3559.73704,684.0708,3105.87502,3789.94582,907.5173384,3509.2542917,4416.7716301,549.1957256,2639.7966571,3188.9923827
Gambia,586.93864,3238.192377,3825.131017,1108.4505476,3202.55456190162,4311.00510950162,1042.9750627,2668.34195,3711.3170127,1400.55763,4366.70906,5767.26669,1829.3712,4365.94868,6195.31988,1966.73617,7520.95956,9487.69573,1961.297588,6038.6669734,7999.9645614,2105.4994226,3860.3962785,5965.8957011
Georgia,9634.5540261,27291.56433,36926.1183561,2345.45253,59882.068943,62227.521473,2433.88204,20313.6377968062,22747.5198368062,1687.96475,9422.91798184546,11110.8827318455,2582.21114,6636.87557,9219.08671,1620.36699,8826.84417,10447.21116,2195.8565854,9735.7496823,11931.6062677,1333.763309,11691.6876821,13025.4509911
Germany,136002.328571613,45165.6625196868,181167.9910913,144109.509681632,58134.5418982277,202244.051579859,143209.480977934,52146.2348028628,195355.715780797,136800.169041464,73822.7582457392,210622.927287203,170154.77628,86202.06249,256356.83877,147942.37208,100570.62973,248513.00181,150356.2659131,90150.7106639,240506.976577,134930.1485559,71865.3562344,206795.5047903
Ghana,8878.593057,11076.88053,19955.473587,12605.88111,12916.120422259,25522.001532259,12536.816083,15378.0498803341,27914.8659633341,8828.02976,23631.6259701283,32459.6557301283,6542.5132,19635.66219,26178.17539,9933.89867,17763.05968,27696.95835,9663.5104073,27613.9964856,37277.5068929,6444.8187226,22527.8996249,28972.7183475
Greece,202.17205,5487.62684276428,5689.79889276428,134.24553,5897.13536728438,6031.38089728438,522.172530594042,3761.55165151813,4283.72418211218,1468.13391295397,5489.82248626704,6957.956399221,4200.46877,4439.90261,8640.37138,5173.65293,3428.83214,8602.48507,6436.5263536,7367.4904979,13804.0168515,18273.9084279,45386.6340583,63660.5424862
Grenada,0,71.124765,71.124765,71.96092,128.63112,200.59204,0,242.96162,242.96162,0.28365,179.66243,179.94608,29.79563,83.62288,113.41851,24.9914,283.88692,308.87832,6.0207974,259.1595221,265.1803195,65.1160638,496.4349022,561.550966
Guatemala,19867.151045,39281.82276,59148.973805,25384.9245115917,43588.8520893239,68973.7766009156,24337.0124,46763.3181546493,71100.3305546493,11960.24417,48225.2266446635,60185.4708146635,9078.01192,46928.12505,56006.13697,12953.67638,21261.07,34214.74638,9284.2501721,17387.9021944,26672.1523665,3760.3054824,10142.1071056,13902.412588
Guinea,4006.00965,8951.08202,12957.09167,5139.86237,11603.685793,16743.548163,3419.18204,10941.6607137643,14360.8427537643,2789.4963021,15779.3205,18568.8168021,5477.21852,19848.82751,25326.04603,16739.04121,24096.44699,40835.4882,14616.0225688,50553.5247789,65169.5473477,7164.5419128,25013.4823005,32178.0242133
Guinea Bissau,2800.21321,8407.60672,11207.81993,2543.2126774,6782.3245993,9325.5372767,3319.8564331,6315.48757975153,9635.34401285153,3142.48964,6337.9614459,9480.4510859,2829.91558,4934.61513,7764.53071,4191.18057,10928.89054,15120.07111,2547.1176772,7848.5628491,10395.6805263,2492.3719002,5273.5908325,7765.9627327
Guyana,477.6902,1537.25624,2014.94644,1039.727,1251.41968,2291.14668,579.99344,1502.34308587064,2082.33652587064,287.15073,780.03372,1067.18445,254.25616,1844.91052,2099.16668,665.18066,1905.79456,2570.97522,170.4001405,1214.259949,1384.6600895,261.4401911,1647.7922108,1909.2324019
Haiti,12966.3193023,49859.77126,62826.0905623,35756.6276897,88591.2455631918,124347.873252892,41571.8552098,87992.201011987,129564.056221787,26902.3548306008,81437.6260107472,108339.980841348,17254.13179,59929.93483,77184.06662,14938.7327,52324.23748,67262.97018,15560.8658805,40678.492859,56239.3587395,21265.4783838,40269.8314762,61535.30986
Honduras,15343.429399,26495.56503,41838.994429,22928.6572385093,24358.87254,47287.5297785093,31055.851381,15079.0237014799,46134.8750824799,18888.9477740174,15574.563565773,34463.5113397905,13815.28159,12947.79606,26763.07765,17496.06156,10724.06077,28220.12233,33723.0876382,7787.6192699,41510.7069081,43666.2317357,5711.3773993,49377.609135
Hungary,6279.56936445907,2243.17916004699,8522.74852450606,5858.91524695539,2712.80609805135,8571.72134500674,4347.22319940054,2947.77203966483,7294.99523906537,4356.54848126271,4226.47729058093,8583.02577184364,8043.46849,3982.94022,12026.40871,9211.60317,10439.3833,19650.98647,2691.5246561,8178.2267222,10869.7513783,895.8494323,9598.1070088,10493.9564411
Iceland,5.48,27.29,32.77,0,11873.3938492598,11873.3938492598,0,16090.2834669014,16090.2834669014,0,298.202661932246,298.202661932246,0,233.73493,233.73493,0,400.19224,400.19224,12.39,155.9688127,168.3588127,0,411.1654,411.1654
India,618474.51086437,58227.8078903497,676702.318754719,512148.473354154,55459.7845868717,567608.257941026,658002.795209028,66627.2280953509,724630.023304378,772108.827472165,103211.030130332,875319.857602497,953390.45752,127837.9572,1081228.41472,1094335.94883,128951.31721,1223287.26604,1119744.351559,157282.4413137,1277026.7928727,902586.1118821,161967.9877137,1064554.0995958
Indonesia,59939.644211,54379.7149694543,114319.359180454,86985.8727296779,32124.5621762004,119110.434905878,144198.729715804,34360.1538322935,178558.883548098,117519.985558153,58890.2334424821,176410.219000635,87163.17907,29930.75318,117093.93225,106329.21664,23390.09826,129719.3149,82656.8815613,32071.7908717,114728.672433,76822.7495407,29232.6340476,106055.3835883
Iran (Islamic Republic of),2701.20015,13169.7687811866,15870.9689311866,4874.83167192082,13130.444481888,18005.2761538088,4783.65095912641,25196.4537526678,29980.1047117942,7205.94304,16681.7231510673,23887.6661910673,5555.46689,25506.27861,31061.7455,8866.12038,15134.88808,24001.00846,3949.5508864,9942.074384,13891.6252704,4280.1447744,8724.9077334,13005.0525078
Iraq,11290.8613944,36138.04558,47428.9069744,14722.5492238,27065.8223218,41788.3715456,11479.3914434,30239.1026787374,41718.4941221374,12070.7684294944,29973.8668329,42044.6352623944,19023.62169,30766.27698,49789.89867,92350.71633,129727.51401,222078.23034,59717.04113,94959.7294294,154676.7705594,90976.7872566,115291.790986,206268.5782426
Ireland,5012.15344256938,4502.03943878882,9514.19288135819,11617.5018519133,4778.98671195524,16396.4885638685,12947.7862900531,13171.9922711882,26119.7785612412,8421.71600205713,12539.6070611061,20961.3230631632,7476.58229,9200.00733,16676.58962,6144.74876,9281.91862,15426.66738,6131.5079492,18418.8815188,24550.389468,27824.1181004,15581.083769,43405.2018694
Israel,29512.9781486999,16064.9293978005,45577.9075465004,34698.1296075443,15392.7882514891,50090.9178590334,35204.3176142888,19141.3420965078,54345.6597107966,29973.9445321778,9878.56721946848,39852.5117516463,25087.05876,19925.55372,45012.61248,43294.5188900001,26511.40939,69805.9282800001,47164.3866976,44653.692861,91818.0795586,26163.7814279,22758.6563813,48922.4378092
Italy,232243.239711381,159985.544522047,392228.784233428,238134.660039192,138764.205585255,376898.865624447,235976.559071807,187281.921835613,423258.48090742,170335.420786841,161470.569765665,331805.990552506,108157.08851,191660.81743,299817.90594,189388.80776,171093.85839,360482.66615,119949.8071914,259964.8987094,379914.7059008,153269.3962654,184734.0441364,338003.4404018
Jamaica,1240.83021,3025.00997697568,4265.84018697568,1240.19331,3399.46246208061,4639.65577208061,1108.859985331,3792.0334400586,4900.8934253896,871.52131,4229.57386974282,5101.09517974282,805.87553,3364.74111,4170.61664,558.14725,2636.28932,3194.43657,554.5748525,2741.3067001,3295.8815526,754.3186973,2568.1471288,3322.4658261
Japan,199295.642760911,32268.1000443582,231563.742805269,136185.435590291,19012.5266917498,155197.962282041,106499.344504107,16137.3321433687,122636.676647476,102172.076288902,14604.9554954529,116777.031784355,92792.53254,30272.47131,123065.00385,88621.92312,21445.83397,110067.75709,120705.0746984,19983.296259,140688.3709574,109731.3938377,28490.2990965,138221.6929342
Jordan,25765.6025916771,123873.268538,149638.871129677,30255.101058528,123360.080804637,153615.181863165,19366.8848830554,129535.375209098,148902.260092153,53126.5376461191,121985.932391871,175112.47003799,120843.34302,101106.09387,221949.43689,109515.32166,139482.6268,248997.94846,82279.1477803,127851.9210328,210131.0688131,103727.0435916,209852.6927077,313579.7362993
Kazakhstan,13057.093313,29606.2159975148,42663.3093105148,15743.478904,6162.76815,21906.247054,13708.8964,4630.24063993093,18339.1370399309,23046.58317637,5329.15256424765,28375.7357406177,1039.56396,12272.24073,13311.80469,3277.87368,8948.75595,12226.62963,5332.9580511,12411.5052446,17744.4632957,13590.4166209,7634.7127972,21225.1294181
Kenya,76453.5566765,223515.245087339,299968.801763839,72877.28934258,226024.891532109,298902.180874689,114956.850326492,283866.747935042,398823.598261534,93562.7877799054,322702.727628244,416265.515408149,86188.08716,307297.04453,393485.13169,108189.89354,285280.44182,393470.33536,139362.5909045,305962.2798866,445324.8707911,139316.5963794,255280.3089204,394596.9052998
Kiribati,23.28932,75.12,98.40932,45.2698,273.82964,319.09944,29.42638,219.62902,249.0554,39.63545,203.92677,243.56222,11.16913,540.59922,551.76835,21.30774,962.83969,984.14743,54.7017573,674.4688023,729.1705596,31.1968118,444.1147352,475.311547
Kuwait,377.4778808,2870.65388,3248.1317608,17257.6524907,5431.58566299999,22689.2381537,32953.5317278,8055.67419596103,41009.205923761,20895.2898983962,12338.7277219135,33234.0176203097,56826.79303,39741.66885,96568.46188,53784.66747,4811.75436,58596.42183,17745.03769,8037.9560881,25782.9937781,19548.1130869,11429.0020227,30977.1151096
Kyrgyzstan,4685.35937722338,10083.7136,14769.0729772234,9498.13240189552,9561.45874477376,19059.5911466693,6746.1096324,8543.49743,15289.6070624,5502.66041959342,10801.1370585332,16303.7974781267,3012.99716,11095.68291,14108.68007,5955.0823,11816.02108,17771.10338,9698.99457,10072.5078376,19771.5024076,18964.1874996,11779.3727334,30743.560233
Lao People's Democratic Republic,12664.65462,8032.70145,20697.35607,6912.3245072047,8318.40345510843,15230.7279623131,4363.15875023521,6389.8481,10753.0068502352,3908.86964361084,7757.08657315045,11665.9562167613,5446.35635,11489.80336,16936.15971,8701.95268,13847.98954,22549.94222,4141.1034692,11153.1864787,15294.2899479,3055.9436574,7270.9832345,10326.9268919
Latvia,673.319862645445,1011.2912511544,1684.61111379985,1176.69103333656,1174.21717989233,2350.90821322889,589.58666026033,1459.42221,2049.00887026033,478.222267466781,1835.15957054211,2313.38183800889,548.26059,1357.33,1905.59059,611.06015,1027.21837,1638.27852,884.2308808,1106.2325872,1990.463468,3072.5545827,849.7874224,3922.3420051
Lebanon,38938.6278803,90162.429529,129101.0574093,38425.2422885999,60233.0518546578,98658.2941432577,49257.3715240723,48932.2672770646,98189.6388011369,55456.5664589433,49684.0721703237,105140.638629267,166565.789,127699.36406,294265.15306,102938.73165,135632.58701,238571.31866,103746.0156912,201332.6094204,305078.6251116,95327.7992566,195246.6990025,290574.4982591
Lesotho,2312.24238,4708.0367,7020.27908,3987.65347733591,4883.92477,8871.57824733591,2113.64669518175,3663.45900907487,5777.10570425662,3191.94619,3660.81442611659,6852.76061611659,1928.14624,5855.26198,7783.40822,1077.61251,6011.05856,7088.67107,1362.2154393,5459.0539462,6821.2693855,3488.1927275,3443.5535848,6931.7463123
Liberia,31644.1948036,35260.28215,66904.4769536,33426.9304372,34319.3054646,67746.2359018,44535.8095592758,39287.6150995,83823.4246587758,53372.8251924,39027.2522352,92400.0774276,36651.39356,23621.85647,60273.25003,47074.04547,38930.79461,86004.84008,39741.8152798,56873.1112808,96614.9265606,8337.9673994,29444.0639159,37782.0313153
Libya,495.20887,17034.9209,17530.12977,327.98098,12336.02488,12664.00586,429.2215,6679.45346713984,7108.67496713984,3633.6680622,6415.14867767171,10048.8167398717,1373.94156,9216.04769,10589.98925,1979.70723,14994.64674,16974.35397,11343.5517452,4713.4753801,16057.0271253,455.723871,5630.5442339,6086.2681049
Liechtenstein,0,0,0,0,0,0,0,94.91264,94.91264,0,156.51763,156.51763,23.3953,37.13528,60.53058,0,0,0,0,0,0,0,0,0
Lithuania,1360.09549055963,1456.40421895013,2816.49970950976,73.5652139594003,2063.50038676836,2137.06560072776,778.21857560933,2527.5717676603,3305.79034326963,67.2993041020146,2891.8569214099,2959.15622551191,57.28558,1195.1157,1252.40128,57.83204,1010.49218,1068.32422,88.6976977,1420.2907652,1508.9884629,24.9203263,742.4714948,767.3918211
Luxembourg,4560.63126,1691.0621,6251.69336,5985.92629458882,1326.75434230529,7312.68063689412,4116.54038605634,1259.82471555542,5376.36510161175,7512.0585637,3432.84868912996,10944.90725283,12133.07693,3394.30708,15527.38401,20027.89012,4501.3394,24529.22952,44724.2380285,6664.9100618,51389.1480903,14839.903639,2533.4506892,17373.3543282
Madagascar,6279.42138,11682.80573,17962.22711,7360.570719,7829.313247,15189.883966,9334.64895,7955.19400424478,17289.8429542448,6791.47858,14248.7074292628,21040.1860092628,10944.59871,14072.72136,25017.32007,9727.01025,16390.52656,26117.53681,12844.1113398,16794.0888371,29638.2001769,20535.6522468,18631.0851088,39166.7373556
Malawi,18103.41271,15952.98259,34056.3953,23844.1020714324,15245.284851,39089.3869224324,48956.4433872131,13519.9042113712,62476.3475985844,22455.64075,22201.4584466995,44657.0991966995,36793.05989,23742.11327,60535.17316,25609.5819,39814.47246,65424.05436,23476.3093899,27743.9384484,51220.2478383,38833.9840791,32765.2625943,71599.2466734
Malaysia,45808.08533,9362.132579856,55170.217909856,27668.679177365,8492.88655460766,36161.5657319727,9845.54597558749,10941.1026809079,20786.6486564954,11660.6745951307,15604.6129089224,27265.2875040531,11405.34496,22485.95657,33891.30153,13409.72081,22500.91585,35910.63666,11543.7550673,24700.4025331,36244.1576004,6104.1623058,21606.8555566,27711.0178624
Maldives,373.48678,1877.487189,2250.973969,404.04089372549,1268.70296,1672.74385372549,212.79252,1431.53396456165,1644.32648456165,263.91842272023,1941.41977,2205.33819272023,640.15524,2742.68717,3382.84241,2893.90535,5022.28433,7916.18968,345.4223243,3034.8706526,3380.2929769,206.7929486,3052.9093668,3259.7023154
Mali,9616.56086706602,15101.715635,24718.276502066,11978.88335,18258.3779723788,30237.2613223788,17246.9834,19210.2014242146,36457.1848242146,21461.5639686931,29379.0035271544,50840.5674958476,44933.76571,83491.71832,128425.48403,64606.7571299999,111021.0967,175627.85383,35523.4013122,87005.4972282,122528.8985404,21195.025559,90637.3115439,111832.3371029
Malta,112.3483,1305.07468823436,1417.42298823436,2913.16835107644,665.72302,3578.89137107644,31.4227,8009.0933973,8040.5160973,153.64358,14044.2908783,14197.9344583,290.11517,12575.07056,12865.18573,203.68335,7055.79138,7259.47473,255.1094794,6049.7912373,6304.9007167,430.7018686,2433.5661369,2864.2680055
Marshall Islands,28.02,3993.99081,4022.01081,29.1255,100.502,129.6275,15.51,136.17079,151.68079,8.5665,54.58543,63.15193,105.02384,206.98883,312.01267,25.57626,220.11773,245.69399,3.48417,3859.59123,3863.0754,22.9394966,112.7245946,135.6640912
Mauritania,4835.5533635503,10638.30294,15473.8563035503,2810.88288789499,11785.9056916454,14596.7885795404,2252.92009533856,8819.78456467633,11072.7046600149,7374.83064979671,20133.0024934805,27507.8331432772,8034.10607,17125.84367,25159.94974,3843.82472,11939.41558,15783.2403,3862.9352903,9700.9030554,13563.8383457,3466.1549593,6708.7004466,10174.8554059
Mauritius,6530.5511917,6753.79598,13284.3471717,3408.07643119999,8981.0585097,12389.1349409,3889.1967676,12176.381485564,16065.578253164,5725.13731466138,15944.7592728466,21669.8965875079,1072.33605,19651.29258,20723.62863,389.35984,13827.88171,14217.24155,510.8977914,8547.1631512,9058.0609426,1364.4017231,5271.8345296,6636.2362527
Mexico,4725.4086,26440.34126,31165.74986,11082.87529,30864.8117529329,41947.6870429329,14213.36918497,30923.515504805,45136.884689775,6721.6667749732,47162.0616869697,53883.7284619429,4313.68987,34618.73143,38932.4213,5101.26553,20271.46233,25372.72786,6499.7729215,55449.2435378,61949.0164593,44006.5908783,19238.2304473,63244.8213256
Micronesia (Federated States of),24.52,189.87322,214.39322,98.9740298104058,368.94975,467.923779810406,21.185,576.40229,597.58729,15.285,162.44783,177.73283,35.2247,372.70605,407.93075,57.37715,194.42298,251.80013,220.4604303,164.06339,384.5238203,39.85136,26.39629,66.24765
Monaco,21.44939,3352.94719063939,3374.39658063939,18.5725236144578,1686.60547644684,1705.1780000613,0,266.015682218048,266.015682218048,0,243.375263609087,243.375263609087,793.133,485.98831,1279.12131,0,67.49442,67.49442,86.396318,233.778525,320.174843,35.6158013,452.8628822,488.4786835
Mongolia,2317.6695,3320.67021,5638.33971,2884.230926983,4711.36263764085,7595.59356462385,2936.98809,4550.52112232029,7487.50921232029,1352.32269,3813.09152103301,5165.41421103301,3512.16728,12725.95027,16238.11755,2461.75449,6237.57498,8699.32947,1797.2699068,4069.7733801,5867.0432869,2473.8315965,3191.4903284,5665.3219249
Montenegro,130.11704,182.812914186047,312.929954186047,178.81819,494.636311691549,673.454501691549,155.760191211436,597.062476281167,752.822667492602,64.99284,693.327928681033,758.320768681033,1204.02481,4690.07894,5894.10375,1200.01869,4914.83426,6114.85295,652.6134334,2900.3138675,3552.9273009,611.4079206,3374.0355973,3985.4435179
Morocco,5085.29425599999,13941.00736,19026.301616,9034.64577768688,12029.0248458393,21063.6706235262,12035.5313472,12697.6156808728,24733.1470280728,9224.34491818341,14700.8699936977,23925.2149118811,5092.49212,13503.19808,18595.6902,5585.67209,13662.46303,19248.13512,4854.8528308,11123.7906527,15978.6434835,15614.0748925,11356.1507434,26970.2256359
Mozambique,13837.77461,27393.807366,41231.581976,15106.718529876,21150.0033084012,36256.7218382772,20117.1371214754,24134.2998039449,44251.4369254203,11695.8416,17423.8565359745,29119.6981359745,11997.79158,18536.45723,30534.24881,8818.83107,23361.28421,32180.11528,8879.6084198,18635.7254482,27515.333868,18551.6654885,30509.8689894,49061.5344779
Myanmar,29459.611943,9319.833446,38779.445389,20789.6765173398,12913.959855,33703.6363723398,23014.87838,11606.2548837643,34621.1332637643,32827.1064374347,17291.321829237,50118.4282666717,37750.06429,21627.8671,59377.93139,35299.95159,30915.49115,66215.44274,26234.5527865,27811.11702,54045.6698065,24014.5610231,33452.5145606,57467.0755837
Namibia,1901.62133,6363.910172,8265.531502,1839.70375,8085.22920687587,9924.93295687587,1379.37706157246,8741.64653840307,10121.0235999755,1010.89549,5353.77328165024,6364.66877165024,1110.63607,2819.74912,3930.38519,3855.12698,4787.09824,8642.22522,3330.147956,5898.3345386,9228.4824946,857.287022,3103.8404968,3961.1275188
Nauru,4.43,151.39,155.82,36.76,137.438,174.198,313.8396,164.97179,478.81139,82.1321,70.84403,152.97613,0,18.16953,18.16953,0.61924,151.9445,152.56374,0,21.16346,21.16346,0.8368183,7.29466,8.1314783
Nepal,11943.6071966,33980.806591,45924.4137876,12463.9493350218,32432.9098194803,44896.8591545022,8401.9309332,41389.2178047,49791.1487379,6491.89908,41804.56339,48296.46247,5387.40774,30731.11056,36118.5183,8026.58047,26578.89571,34605.47618,17763.9313943,48687.960816,66451.8922103,9286.3827327,33292.6928724,42579.0756051
Netherlands,120857.432433973,20436.1522063048,141293.584640278,133994.557170699,21656.5310591572,155651.088229856,115975.425448398,21675.8713118718,137651.29676027,176664.397603032,32457.7429193285,209122.140522361,282579.453,68609.68716,351189.14016,203898.00752,76526.42042,280424.42794,317821.4776112,51700.0215024,369521.4991136,338221.5413037,90027.3857702,428248.9270739
New Zealand,4134.57384,1958.12693,6092.70077,2192.40612965652,2335.63593914694,4528.04206880346,1222.186001,1743.5042559415,2965.6902569415,2311.02149269014,4253.34862142117,6564.37011411131,3289.86314,4178.31722,7468.18036,3671.50967,3745.81028,7417.31995,2139.8898727,5758.2873957,7898.1772684,2422.4778743,3983.1175212,6405.5953955
Nicaragua,11974.2822,11764.0567,23738.3389,12001.1943111812,18143.5085874677,30144.7028986489,7937.085304498,19114.4122969442,27051.4976014422,8419.90961,14412.9502025761,22832.8598125761,5334.69611,20057.71775,25392.41386,12674.41048,13745.43472,26419.8452,4149.1887687,7859.6607521,12008.8495208,2233.1015043,2634.382132,4867.4836363
Niger,8904.68718,13488.1856,22392.87278,23094.138384854,45772.331068,68866.469452854,33705.9028754384,22127.0393990775,55832.9422745158,30699.9675949274,22987.3289267853,53687.2965217127,21650.04368,40608.63145,62258.67513,34087.53017,33434.63717,67522.16734,31344.811304,26511.9514613,57856.7627653,29347.1551285,24307.4132387,53654.5683672
Nigeria,13068.873789,22324.591891,35393.46568,9408.14183014223,33618.620364,43026.7621941423,4298.52451,38529.43551488,42827.96002488,13125.7172976,44094.4272550507,57220.1445526507,8768.43444,45198.79488,53967.22932,12796.05313,63195.9171600001,75991.9702900001,20275.9745721,69814.3741478,90090.3487199,65204.6062688,70974.7144166,136179.3206854
Norway,4063.29894203544,4749.33954673162,8812.63848876705,19462.7129662985,5104.94108341619,24567.6540497147,12343.37535,10155.5607274968,22498.9360774968,11796.5239153042,8726.61213669409,20523.1360519983,6641.79593,20279.76764,26921.56357,6011.2952,21320.44482,27331.74002,20772.6943494,27514.5925941,48287.2869435,28638.2980701,32594.2098295,61232.5078996
Oman,5967.07889,702.02446,6669.10335,8033.30475666666,3843.72583,11877.0305866667,4778.63232,2341.87351,7120.50583,4730.2258,443.47398,5173.69978,3033.53801,4171.78122,7205.31923,5971.15624,719.48321,6690.63945,1720.3100146,666.5132843,2386.8232989,4872.1536462,556.9537939,5429.1074401
Pakistan,116739.079544,68403.1559057928,185142.235449793,369680.175345948,98817.5125433289,468497.687889277,162422.845590328,105230.943430901,267653.789021229,120619.4299981,129990.337410643,250609.767408744,104458.94835,123895.27239,228354.22074,70505.77987,105328.46261,175834.24248,71857.4474803,105489.9310602,177347.3785405,88639.8663862,106716.7746167,195356.6410029
Palau,47581.17791,16218.130749,63799.308659,10.5,124.81242,135.31242,33.79,319.5677,353.3577,21.25,137.011,158.261,8.99485,30.4435,39.43835,48.86881,142.66048,191.52929,0,26.90988,26.90988,0,29.2015,29.2015
Panama,68031.6540751059,111018.49674,179050.150815106,60570.1922604999,79999.4747473999,140569.6670079,113818.5840179,82426.364436,196244.9484539,93738.1831463,72311.3555658649,166049.538712165,127124.57486,53532.17205,180656.74691,137012.50753,19264.26876,156276.77629,159381.6613436,22072.4678736,181454.1292172,121380.7964747,22188.9498224,143569.7462971
Papua New Guinea,1608.5682,2770.18134,4378.74954,1677.15597741945,5041.84344,6718.99941741945,686.2537,3746.70463,4432.95833,652.62427,3533.83399,4186.45826,489.05915,4678.98644,5168.04559,709.02551,5451.80203,6160.82754,832.7931296,7157.8165466,7990.6096762,862.3534808,7196.1315038,8058.4849846
Paraguay,2037.46748,13702.5461,15740.01358,4127.81641,11013.5097367536,15141.3261467536,4282.00486,17003.32663,21285.33149,14237.25275,20039.64212,34276.89487,5172.84573,16694.40977,21867.2555,2254.2282,16899.53598,19153.76418,2469.5712495,27444.094705,29913.6659545,1170.594394,9151.7664074,10322.3608014
Peru,163813.940308,126570.880055501,290384.820363501,135880.128866,130956.815983942,266836.944849943,67243.0634870892,82021.1907546096,149264.254241699,45756.7741802278,80503.3426478344,126260.116828062,35407.78956,36858.42262,72266.21218,35246.99261,62428.98836,97675.98097,46192.9088819,84279.8533637,130472.7622456,18021.6843477,175277.4958353,193299.180183
Philippines,13650.9815004767,12835.2375276477,26486.2190281244,15092.5789220442,16444.4513036948,31537.030225739,6723.58159380157,16314.3489657084,23037.9305595099,8146.35039,20110.2485258646,28256.5989158646,26690.22044,38314.06919,65004.28963,36488.66283,44974.55007,81463.2129,18614.2851862,40293.6428418,58907.928028,13396.4385853,35777.4358907,49173.874476
Poland,1519.96686094488,1448.00069161554,2967.96755256043,436.899201884817,1624.54985211614,2061.44905400096,399.513003273347,2639.71218772081,3039.22519099416,805.877066678773,3565.52684188004,4371.40390855882,413.51452,2027.29341,2440.80793,640.21046,1164.65918,1804.86964,741.69317,1446.3311884,2188.0243584,597.6404659,1793.0457277,2390.6861936
Portugal,789.97101,2431.24262506404,3221.21363506404,1252.25557078775,3989.45170907967,5241.70727986742,555.539762946914,7418.3662649233,7973.90602787021,686.261146955,6781.24519221655,7467.50633917155,1201.33466,11629.8808,12831.21546,889.85137,3454.17689,4344.02826,433.6426634,4649.7856725,5083.4283359,3834.5055049,5722.3779991,9556.883504
Qatar,24.79813,-785.17053,-760.3724,27.896887,310.2444835,338.1413705,95.20053,691.8750308,787.0755608,18.19123,965.114093617656,983.305323617656,110.88371,1044.45176,1155.33547,845.08028,1810.18617,2655.26645,708.640354,1389.7973598,2098.4377138,462.95818,1681.2666069,2144.2247869
Republic of Korea,43131.0635683453,3424.24759506236,46555.3111634077,70908.96647246,2975.46795579933,73884.4344282593,23751.2822885012,5100.29256589054,28851.5748543918,48289.2134975182,4379.36832874094,52668.5818262592,60111.0499,17391.12478,77502.17468,159486.09344,17559.08264,177045.17608,175901.6475616,16951.1419137,192852.7894753,187942.705784,27179.8046288,215122.5104128
Republic of Moldova,4847.74523993377,4701.93322853012,9549.67846846389,3264.30956520568,5318.04284147609,8582.35240668178,2551.55489528803,7211.78890226667,9763.3437975547,1725.10707193118,18699.1698671143,20424.2769390455,1175.94673,10571.12264,11747.06937,1675.4508,11831.52877,13506.97957,4421.4743332,24027.7824543,28449.2567875,1764.1676479,16042.5546766,17806.7223245
Romania,915.47767,1985.79531280169,2901.27298280169,1297.70118629537,1575.61308786126,2873.31427415664,3472.90284821056,1957.63408615662,5430.53693436718,2869.8942781,3598.16627519503,6468.06055329503,2541.97881,4732.62885,7274.60766,2134.59434,2923.30517,5057.89951,6056.90125,5696.0267257,11752.9279757,33013.6027182,16602.0468344,49615.6495526
Russian Federation,32508.6187729674,430678.286355764,463186.905128731,66009.420918334,486075.000319075,552084.421237409,143570.688983523,453603.422064037,597174.11104756,49810.9067120651,353155.45105588,402966.357767945,65879.28342,298553.17219,364432.45561,71797.2667,349395.811549999,421193.078249999,96923.5158946,266047.0234654,362970.53936,78868.6977434,248762.7598989,327631.4576423
Rwanda,10424.449734,14367.482105,24791.931839,9056.5590738,13809.7423174,22866.3013912,8462.9897252,10927.5940913543,19390.5838165543,15844.266617,16567.4381531593,32411.7047701593,12257.21301,17836.73451,30093.94752,11787.64746,15434.12837,27221.77583,15276.3334852,16676.2486143,31952.5820995,16589.9877974,14976.2083758,31566.1961732
Saint Kitts and Nevis,50.06,418.91742,468.97742,0.44,238.147793683374,238.587793683374,22,258.37686,280.37686,13.4,260.51765,273.91765,0.3438,178.55877,178.90257,1.12164,202.04426,203.1659,18.5064647,84.31874,102.8252047,155.2415692,184.784493,340.0260622
Saint Lucia,27.41901,392.483561,419.902571,21.327,441.396932862991,462.723932862991,12.07359,554.04324,566.11683,1.06296,614.992,616.05496,74.73649,213.26137,287.99786,204.87031,216.45661,421.32692,233.9441896,351.9590772,585.9032668,244.4595824,1973.9563085,2218.4158909
Saint Vincent and the Grenadines,7.3,80.71342,88.01342,13.98,236.51138,250.49138,0.72,283.58104,284.30104,238.53,191.79004,430.32004,15.78994,172.57647,188.36641,44.40491,143.63356,188.03847,31.721837,189.2433473,220.9651843,63.1536847,220.4598559,283.6135406
Samoa,480.9983,1548.110643,2029.108943,588.845838363288,1827.08258440121,2415.9284227645,850.983299030649,3225.31123,4076.29452903065,650.01871181994,3104.69101,3754.70972181994,865.34641,3480.10342,4345.44983,486.87152,6859.78783,7346.65935,494.2250273,4689.229764,5183.4547913,395.1515121,2743.7550583,3138.9065704
San Marino,53.0576416,1029.00176621576,1082.05940781576,31.3363318304173,591.506289718651,622.842621549068,26.1549227723647,864.369898227626,890.52482099999,17.09407,787.93434,805.02841,0.10218,0.28273,0.38491,0,36.44409,36.44409,0,15,15,0,0,0
Sao Tome and Principe,290.96693,467.7663,758.73323,168.90212,491.323846033229,660.225966033229,225.9029,875.938133556772,1101.84103355677,258.10302,1197.33818932461,1455.44120932461,168.39967,1258.60468,1427.00435,504.05841,1895.30575,2399.36416,525.5235207,1936.8898073,2462.413328,298.8495785,1411.4405516,1710.2901301
Saudi Arabia,758.80588,13271.09708,14029.90296,1302.66228,9225.01841,10527.68069,408.92777,19704.9452176549,20113.8729876549,753.88615,21828.607002126,22582.493152126,3844.51145,24600.23379,28444.74524,4018.64701,21873.55931,25892.20632,2135.9755167,24391.2011603,26527.176677,290.0074845,2367.1650647,2657.1725492
Senegal,7881.1839,18929.94174,26811.12564,7269.43161271582,21103.7071734759,28373.1387861918,6749.389799,24891.9567379419,31641.3465369419,6971.68209158473,32526.763091117,39498.4451827017,12692.55939,25452.3448,38144.90419,11654.59188,29317.30491,40971.89679,17767.7955927,46890.3714639,64658.1670566,20344.6775054,74747.8382716,95092.515777
Serbia,5473.876846,16318.859429,21792.736275,3073.77496357586,17705.9957569292,20779.7707205051,2370.54943360903,6496.75466922017,8867.30410282919,2241.51829036335,7008.53937302936,9250.05766339271,2786.98658,9951.79854,12738.78512,6152.70753,13827.83556,19980.54309,8610.9813379,21258.3880008,29869.3693387,5459.7004913,32427.8010239,37887.5015152
Seychelles,182.88296,755.1685775,938.0515375,182.245,764.24364,946.48864,168.7748,2852.83859,3021.61339,113.61877,2805.46137,2919.08014,238.69998,2048.63135,2287.33133,1200.652,2014.77711,3215.42911,193.1662442,1482.1482139,1675.3144581,1691.9834056,694.5445991,2386.5280047
Sierra Leone,10321.5719362,17792.33648,28113.9084162,11422.8435628,16551.086608209,27973.930171009,10009.8396771,13556.4858759638,23566.3255530638,14072.8513376,14026.6221979076,28099.4735355076,6564.99072,12014.52899,18579.51971,15324.16135,17437.42526,32761.58661,18252.8232536,43203.0194538,61455.8427074,5762.8570761,23752.6394603,29515.4965364
Singapore,3415.70514980602,3650.01761557685,7065.72276538287,5975.4840419003,8451.7923370887,14427.276378989,1395.9843557246,4922.90263844787,6318.88699417247,1239.60591369554,3035.18505322713,4274.79096692268,7256.71313,6151.37131,13408.08444,7412.56287,18806.45642,26219.01929,12918.7888603,72650.8257208,85569.6145811,13413.0755808,12253.5626612,25666.638242
Slovakia,842.619531193634,3545.617282,4388.23681319363,359.181607903026,2213.450227,2572.63183490303,966.760118103433,2597.77897666533,3564.53909476876,935.755969545649,2642.24965105635,3578.005620602,1923.92587,2186.50452,4110.43039,1652.14134,2100.74667,3752.88801,1478.5321605,1614.7973178,3093.3294783,1558.9526097,1922.8711278,3481.8237375
Slovenia,1059.53142145213,2634.49381165523,3694.02523310736,76.2967837696806,929.688528154344,1005.98531192402,60.9771147025422,1056.56633800736,1117.5434527099,513.163596973853,1187.74920583682,1700.91280281067,78.47223,1280.42668,1358.89891,855.0407,1162.39644,2017.43714,386.90039,2008.2770587,2395.1774487,53.5023716,1913.9691861,1967.4715577
Solomon Islands,432.61395,1852.46984,2285.08379,751.397561692396,2089.610811,2841.0083726924,506.88622,1854.7898,2361.67602,479.64145,1099.80132,1579.44277,657.83311,1995.88383,2653.71694,1228.61836,2770.952,3999.57036,1331.3170701,2213.4243061,3544.7413762,2534.7150383,1997.0864704,4531.8015087
Somalia,7877.1863855,74207.07247,82084.2588555,6234.25273,41002.28534,47236.53807,4546.1304078,41898.067595,46444.1980028,6328.1848,48884.60443,55212.78923,5560.3997,47315.10254,52875.50224,11458.15784,71524.02143,82982.17927,13257.99016,58496.32771,71754.31787,9076.1083217,54658.2819357,63734.3902574
South Africa,132225.348128891,125721.101603361,257946.449732252,111249.701423274,98879.9232453912,210129.624668665,114949.53081513,73256.2311489569,188205.761964087,82888.0595097185,84719.7113999886,167607.770909707,90840.59957,103558.19979,194398.79936,50661.13604,120958.00252,171619.13856,58745.5635665,154437.6619306,213183.2254971,42278.8327313,151371.6079916,193650.4407229
South Sudan,0,0,0,0,0,0,1199.09758,3888.19079,5087.28837,9066.65597774443,28587.180653,37653.8366307444,16436.19416,117458.86022,133895.05438,68976.90942,175192.1135,244169.02292,39712.510947,159252.6220763,198965.1330233,54597.3645267,124067.2471849,178664.6117116
Spain,7997.13560644888,42311.383603861,50308.5192103099,16218.4411815128,40232.8331181093,56451.274299622,16399.0434326144,36005.4564649658,52404.4998975801,16751.9652966758,56635.057190832,73387.0224875078,21297.763,52804.90151,74102.66451,25896.42029,54610.0972099999,80506.5174999999,19654.6604932,44469.4095585,64124.0700517,19474.1911921,36859.9492628,56334.1404549
Sri Lanka,26903.910117,33530.70208824,60434.61220524,34577.4410963508,33008.8955660665,67586.3366624173,18625.069462523,24014.3726059,42639.442068423,8764.294859,24333.8819153755,33098.1767743755,8548.49232,13856.1269,22404.61922,5937.53994,12388.85997,18326.39991,5316.6149444,19722.544657,25039.1596014,5932.3553308,21224.8726812,27157.228012
Sudan,151243.1032592,490412.035135712,641655.138394912,136657.896165187,465050.122333199,601708.018498386,170814.945456533,234026.315410054,404841.260866587,202121.8584962,229412.900269109,431534.758765309,178966.01078,167753.684,346719.69478,167878.67754,112743.13604,280621.81358,170402.3319019,115888.0245183,286290.3564202,117419.5917739,58770.8806317,176190.4724056
Suriname,314.30306,842.93987,1157.24293,381.70223,1041.47176599269,1423.17399599269,560.60377,835.2695,1395.87327,436.74904,1235.90334924492,1672.65238924492,175.73306,1048.50553,1224.23859,61.92132,988.12905,1050.05037,229.8283789,1134.4895983,1364.3179772,276.2483112,948.7459492,1224.9942604
Swaziland,3706.1150772,3245.31038,6951.4254572,2591.56276,3337.34645230841,5928.90921230841,2200.94024,1940.5766375945,4141.5168775945,369.06206,2324.61092,2693.67298,2181.3045,9284.79842,11466.10292,1294.71862,3858.85498,5153.5736,716.8773623,3903.1453439,4620.0227062,5013.60531,3097.8616723,8111.4669823
Sweden,9303.93725255333,4219.80975963515,13523.7470121885,11754.2178813814,6717.76455939277,18471.9824407741,8020.34163115868,10463.0265235193,18483.368154678,18750.0690614106,10310.1506787192,29060.2197401298,16961.10327,11579.6229,28540.72617,17192.8309,11691.10064,28883.93154,24974.5174954,11008.438734,35982.9562294,17128.1363859,15201.355478,32329.4918639
Switzerland,564398.215830225,279384.706899612,843782.922729837,499702.085093039,341651.977607075,841354.062700114,386549.634688579,349343.695394637,735893.330083215,257385.068543002,353668.737864578,611053.80640758,267682.93064,448940.537429993,716623.468069994,193108.09373,428228.82247,621336.9162,133089.9166809,610180.3563781,743270.273059,98245.4681241,342365.8134601,440611.2815842
Syrian Arab Republic,22166.5986604036,19652.382747,41818.9814074036,18517.9367493502,30980.5486815872,49498.4854309374,15487.4940294,18938.333479523,34425.827508923,43820.777827679,17452.1129594525,61272.8907871315,60026.31458,55701.12561,115727.44019,133022.28532,136003.69014,269025.97546,96879.706891,99435.6687642,196315.3756552,67207.5559688,72877.0827903,140084.6387591
Tajikistan,5450.45134,13474.781,18925.23234,5158.24845306306,13435.6147433596,18593.8631964226,4362.67929,18632.6476881075,22995.3269781075,3796.1278209971,19510.1688832276,23306.2967042247,4154.39261,9571.17164,13725.56425,6515.70876,12482.58028,18998.28904,3431.4585271,14377.1443594,17808.6028865,2985.3502595,9643.2047069,12628.5549664
Thailand,21540.939520814,21855.7113445811,43396.650865395,20288.3531931005,19005.8890019286,39294.2421950292,20008.60649,17024.5024940613,37033.1089840613,23023.8677628522,32325.5165081896,55349.3842710418,23938.74244,36929.04135,60867.78379,46821.95389,36651.30952,83473.26341,18575.8338489,38461.1797513,57037.0136002,9857.4801998,35361.7232017,45219.2034015
The former Yugoslav Republic of Macedonia,473.2083487,8006.32339482015,8479.53174352014,500.009750425377,8782.81253170743,9282.82228213281,1070.08043293724,11802.0593880711,12872.1398210083,901.568192229091,8574.4916900505,9476.05988227959,984.392,5218.58780000001,6202.97980000001,660.53867,6943.39143,7603.9301,4746.1319263,7364.3474523,12110.4793786,2100.9827643,9398.4764097,11499.459174
Timor-Leste,2638.50508,6789.83223,9428.33731,4604.07887,5230.66995999999,9834.74882999999,3308.6706,7707.8022124,11016.4728124,4193.12995,6363.36141,10556.49136,3982.47278,9437.70842,13420.1812,2256.28222,8058.13092,10314.41314,1277.5935753,4806.1429162,6083.7364915,1327.00501,7085.55381,8412.55882
Togo,3452.15663,7802.688849,11254.845479,5043.77195553003,16391.8997230516,21435.6716785816,5199.55672,6817.70545854833,12017.2621785483,13774.74652,15427.1195902804,29201.8661102804,5293.92101,6168.43041,11462.35142,1885.84037,6573.42096,8459.26133,1531.2097794,8085.0960216,9616.305801,827.8429737,9556.6788523,10384.521826
Tonga,6,191.9,197.9,30.6800552486188,138.70824,169.388295248619,60.5,317.49833,377.99833,10.41,459.76496,470.17496,163.29623,83.71944,247.01567,171.42405,472.94999,644.37404,237.8664653,651.0707369,888.9372022,35.7318502,158.0385979,193.7704481
Trinidad and Tobago,337.14414,2048.51656,2385.6607,2228.04885504569,2380.04257974999,4608.09143479568,1263.89229934,1855.89308941244,3119.78538875244,144.78168189,2074.06070593621,2218.84238782621,399.13296,2608.21557,3007.34853,216.25896,2518.58406,2734.84302,660.770233,3273.0847467,3933.8549797,205.0420182,9719.7059869,9924.7480051
Tunisia,708.84001,3026.808658,3735.648668,227.127606027397,5558.08471094012,5785.21231696751,8421.24024,8424.90724015983,16846.1474801598,1521.81132,8069.20395524584,9591.01527524584,2738.66986,10392.34962,13131.01948,5727.36246,15393.18589,21120.54835,3794.8712257,18879.9830679,22674.8542936,5834.1181358,20123.8552386,25957.9733744
Turkey,84341.6895199607,30977.1440607484,115318.833580709,59661.2810713863,26521.2041501571,86182.4852215434,84670.1883472,27255.2309914935,111925.419338694,89991.2499536,25268.600919727,115259.850873327,196665.79863,31323.67203,227989.47066,339006.75567,38094.84527,377101.60094,269950.9804491,46716.7832788,316667.7637279,574486.599445,74548.6940912,649035.2935362
Turkmenistan,629.83032,1782.26785,2412.09817,609.083322280702,2109.21661,2718.2999322807,727.7118,1340.44374,2068.15554,976.64637,2503.61749,3480.26386,746.57061,1215.77409,1962.3447,1299.39699,3521.81366,4821.21065,597.586,2215.0186342,2812.6046342,362.9699084,1688.5181255,2051.4880339
Tuvalu,38.46,279.41,317.87,40.29,512.44596,552.73596,94.76,447.062,541.822,148.12,413.37043,561.49043,261.27457,457.89451,719.16908,495.2105,732.78083,1227.99133,19.18,462.8766,482.0566,8.1725166,11.29203,19.4645466
Uganda,72011.4886654,56388.1667,128399.6553654,74338.6183557388,53287.3206873144,127625.939043053,52824.7435842,58794.238496006,111618.982080206,40322.2617853557,88632.7731685605,128955.034953916,38596.37696,102882.35296,141478.72992,59851.73647,87084.09653,146935.833,45690.897808,78988.6124031,124679.5102111,36609.1088939,85635.4432144,122244.5521083
Ukraine,86547.688537,87070.0960275411,173617.784564541,68996.5440385503,130265.539107264,199262.083145815,14847.0160669517,134290.240244797,149137.256311749,21334.28933,119955.726390501,141290.015720501,16255.52459,108515.3307,124770.85529,35595.72272,114293.51409,149889.23681,71381.2979741,98202.7219629,169584.019937,54100.8657953,100330.5703827,154431.436178
United Arab Emirates,85673.5712813,42416.099318,128089.6705993,114176.587246745,50355.0577480099,164531.644994755,249879.683165633,56685.2042244236,306564.887390057,256033.965839412,112978.642249849,369012.608089261,363846.50443,138248.09033,502094.59476,514132.70498,63523.61894,577656.32392,712234.4859828,92908.2530152,805142.738998,724997.2188653,143833.8841586,868831.1030239
United Kingdom of Great Britain and Northern Ireland,266782.439980222,144521.4818162,411303.921796422,348606.661997187,141387.19704771,489993.859044898,260628.501447214,156409.306947275,417037.808394489,251360.163516885,186326.266594759,437686.430111644,250097.50597,243679.14255,493776.64852,279348.83723,347985.80465,627334.64188,167232.4717606,346752.4525692,513984.9243298,185289.1938644,420203.3596745,605492.5535389
United Republic of Tanzania,27381.7930693,50113.642394,77495.4354633,28279.4342799936,29577.9628710117,57857.3971510052,41334.5976595,34806.6883496418,76141.2860091419,41535.2339944,57183.5971048085,98718.8310992085,55309.43763,28641.51413,83950.95176,35872.50171,27142.68432,63015.18603,28886.6906266,43527.8809774,72414.571604,21516.4256606,35988.9056799,57505.3313405
United States of America,358700.838944387,1375255.20593491,1733956.0448793,409114.224664948,1109905.75949662,1519019.98416157,409948.994379248,1124854.02752244,1534803.02190168,449546.767740004,1048479.0583282,1498025.82606821,568683.61485,1100688.2321,1669371.84695,627061.02438,892511.911570001,1519572.93595,810639.8576464,836479.5376372,1647119.3952836,700630.6394296,885362.4194145,1585993.0588441
Uruguay,5146.39894,20947.1851246608,26093.5840646608,4807.1604,19306.8205947763,24113.9809947763,3444.16491,17349.8353518079,20794.0002618079,2190.75106,16210.7201731694,18401.4712331694,1781.8034,14716.81777,16498.62117,1395.82332,19668.65284,21064.47616,1955.0961475,18716.0111346,20671.1072821,1517.5960867,14085.0849835,15602.6810702
Uzbekistan,1753.26052,6159.88089,7913.14141,1678.02870309458,4574.927525,6252.95622809458,1412.57963,4473.69894454378,5886.27857454378,1852.46164958374,6601.56413310941,8454.02578269315,3258.46673,11130.22546,14388.69219,3897.92504,6924.09469,10822.01973,1937.5734723,7972.7461975,9910.3196698,691.5755429,4447.2876158,5138.8631587
Vanuatu,166.00218,232.69103,398.69321,33.0626948097478,129.88467,162.947364809748,46.24259,164.26798,210.51057,125.430119303,325.3233,450.753419303,311.10406,509.25147,820.35553,156.28244,642.75735,799.03979,414.14155,2928.1763,3342.31785,425.6958133,1513.2960533,1938.9918666
Venezuela (Bolivarian Republic of),3051.17831,11392.65967,14443.83798,2213.91713,6499.37325,8713.29038,4086.52268,3649.2300838909,7735.7527638909,2372.54627,5162.940865015,7535.487135015,5158.46932,2924.46462,8082.93394,12938.64317,7339.19817,20277.84134,2141.6994384,8180.9517136,10322.651152,260.340993,2052.2349588,2312.5759518
Viet Nam,16614.29327,7211.35494,23825.64821,24078.3980857868,12704.5815657733,36782.9796515601,13435.83715,12091.1330219486,25526.9701719486,22040.6135102958,14123.7862940549,36164.3998043506,25035.55303,35036.88333,60072.43636,3966.02141,22468.00745,26434.02886,3328.5268107,21410.7392923,24739.266103,2022.2116319,13078.2163546,15100.4279865
Yemen,15126.48608,13078.21723,28204.70331,20840.83452,13840.576785,34681.411305,30161.76892,19131.3197731493,49293.0886931493,38193.7539233011,22263.6386718009,60457.392595102,36599.72771,31130.7395,67730.46721,23380.25573,27584.06056,50964.31629,24573.1156443,60071.2652747,84644.380919,32420.5797933,75511.934966,107932.5147593
Zambia,9948.68022,11252.68683,21201.36705,12155.268479,10621.942995896,22777.211474896,14483.13557,9880.76020612562,24363.8957761256,39381.963367667,16336.9121167981,55718.8754844651,34827.06709,18960.70903,53787.77612,26560.87029,21602.49522,48163.36551,20022.8112014,16145.347655,36168.1588564,10922.9791052,31702.3914313,42625.3705365
Zimbabwe,9247.08748,53300.6121677264,62547.6996477264,32324.82913,39304.785268455,71629.614398455,28020.9698,54635.4033696017,82656.3731696016,19896.0697278606,67012.0893635962,86908.1590914568,52961.23544,87312.01712,140273.25256,21935.54917,71035.1537,92970.70287,9547.8253964,66738.5245461,76286.3499425,11199.5376821,61270.2121011,72469.7497832
African countries,,,,,,,,,,,,,,,,254.58377,2533.15615,2787.73992,28.98254,145.17765,174.16019,2.30583,167.45695,169.76278
Asian countries,,,,,,,,,,,,,,,,117.6703,1282.9437,1400.614,0,659.91623,659.91623,113.8988886,528210.60976,528324.5086486
European countries,,,,,,,,,,,,,,,,1409.30211,5539.78,6949.08,38826.6948262,6748.6830362,45575.3778624,35066.0168813,8062.6351375,43128.6520188
Latin American and Caribbean countries,,,,,,,,,,,,,,,,1219.75,499.2,1718.95,851.41604,705.6032704,1557.0193104,3086.67426,9661.0227958,12747.6970558
Northern American countries,,,,,,,,,,,,,,,,,,,1.69882,30190.10227,30191.80109,0,38452.9620934,38452.9620934
Oceanian countries,,,,,,,,,,,,,,,,,,,379.9102965,495.825316,875.7356125,26.9965476,549.3702149,576.3667625
Unspecified countries,,,,,,,,,,,,,,,,79270.66083,242246.65894,321517.31977,11475.49,24357.552,35833.042,202550.80486,341492.82354,544043.6284
Arab countries,,,,,,,,,,,,,,,,89141.39495,82593.24704,171734.64199,69233.7959734,148322.7359347,217556.5319081,56003.7810852,107055.9411681,163059.7222533
All countries,6266022.78179877,7248967.58553555,13514990.3673343,6935641.84448991,7356635.39598733,14292277.2404772,6880477.19867446,7035677.01824097,13916154.2169154,6569929.50429109,7808023.83305847,14377953.3373496,7538690.57389,8306073.65077999,15844764.22467,8524697.63701,8712785.76451,17237483.39941,8620059.4967185,8955238.4510496,17575297.9477681,8708923.5381427,9003607.0840406,17712530.6221833
