Country,Goods2009,Service2009,Goods2010,Service2010,Goods2011,Service2011,Goods2012,Service2012,Goods2013,Service2013,Goods2014,Service2014,Goods2015,Service2015,Goods2016,Service2016
Afghanistan,4810.751462,49771.187158,3520.761693,83844.9452930001,4608.72286,75639.1623200001,0,96748.1356000004,3889.87723,115560.68288,8843.65132,100055.56892,2935.3930067,59348.7002823,5011.607787,26913.9020689
Albania,0.36519,60.91344,0,41.576775,13.61717,14.75902,4611.50395,8.6518,0,16.39411,0,11.08741,0,12.3281868,1.2059509,12.9072069
Algeria,0,33.413286,0,0.896,0,208.6164,0.3705,18.65658,0,2.91341,0,9.53004,0,12.0007579,0.13315,26.61669
Andorra,0,0,0,0,0,0,0,0,0,0,0,0,0,0,0,0
Angola,0,5.695,3.601,15.55588,3.94,3.7,0,14.62,0,0.75,0,0,0,0,0,0
Antigua and Barbuda,0,214.35624,0,18.21437,0,58.96796,0,5.35821,0,0.61432,0.43035,7.9595,0,4.86447,0,1.2044703
Argentina,57409.8849280001,7932.368418,197958.63433,7374.696702,91828.47616,26448.23897,0,15388.57025,5220.93632,987.5762,1823.98803,2386.51945,427.0886171,355.0421543,26.3788262,545.2598257
Armenia,14.14835,94.4618,2.04534,65.66116,0.2822,16.46956,26827.49771,22.92064,2.84986,76.12696,6.40197,26.48242,4.0702224,20.1579993,3.8621631,6.0086649
Australia,228.344369,503.69944,240.363614,836.45516,777.11478,779.57534,11.26537,199.83021,295.5241,180.64133,565.28393,313.15671,1587.3919771,191.5599437,106.6846866,204.3244196
Austria,0,808.99873,0.71508,403.697443,32.45189,330.77913,388.0312,181.00937,490.08465,1.71823,451.95973,50.38735,7.6023815,32.6142902,295.7824063,236.4303186
Azerbaijan,0,26.6288,0,46.75906,3.56064,182.26983,141.34744,76.10019,17.06716,51.3166,0.94572,39.92337,0,29.4433421,0,21.6864098
Bahamas,2.32,581.63,0,335.10296,0,108.70704,10.31689,8.88,0,37.284,0,0,0,19.726,0,11.836
Bahrain,0,1.17707,0,116.07922,0,29.08264,0,0,0,38.09122,0,0,0,8.754,0,0
Bangladesh,12.95904,266.109958,2.7404,181.018677,5.08332,139.47,0,70.66951,0.78363,103.82881,17.6182,408.84659,12.196767,163.5012956,158.7975595,288.3200491
Barbados,1500.78134,19.62261,0,3.79104,0,151.60121,7.0766,69.93123,5.08333,430.21483,0.75975,44.72397,2.03027,67.9327997,0.53169,7.744505
Belarus,0,19.0011,0,25.35586,0,39.98714,0.5017,16.34947,5.42545,24.47963,3.87596,16.73037,2.7113192,40.7580045,0.04781,27.4121227
Belgium,78.66631,721.28677,520.669363,706.62788,266.14631,2261.32516999999,5.4256,702.650870000002,73.37424,1353.69021,175.84611,1165.71002,2767.4608056,1502.1943318,2905.298996,630.5160503
Belize,0.61258,29.50589,1.07026,199.90512,9.94059,74.36679,246.5258,256.30827,22.20943,135.19486,10.84823,27.55827,40.308485,53.81902,1.1125,611.37131
Benin,0.32661,1047.51858,44.34505,105.194977,9.59196,67.0073,12.33902,169.23496,2.72491,53.79659,4.57958,62.88299,0,65.4989398,0,64.71799
Bhutan,1.961623,28.106352,0,75.081966,0,27.86749,5.88294,1556.13176,6.13728,116.88927,0.36812,87.57901,0,40.5237026,0,46.57974
Bolivia (Plurinational State of),0.618879,47.480575,0,137.8464,0,141.65445,0.41524,25.1095,0,30.32317,0,39.69392,0,42.2357403,0,38.0346003
Bosnia and Herzegovina,0,695.85273,3.73838,511.37642,0,89.97919,0,120.44012,0.18341,0.49398,0,10.05667,0,187.1299341,7.3925062,7.4240833
Botswana,0.23781,386.397518,0,543.639854,5.14312,943.04001,0.11543,47.97885,21.38584,60.41936,25.04797,48.26852,0,63.8235459,48.74432,44.1869651
Brazil,3.82655,309.806076,34.1,259.764109,66.09796,650.03886,55.55347,7433.67283,55.4374,7101.20797,75.9527,1071.34821,551.5862493,1914.959383,466.8795154,2024.595445
Brunei Darussalam,0,0,0,0,0,0,706.39077,0,0,0,0,0,0,0,0,0
Bulgaria,0,16.190584,119.751,59.912,119.751,13.51442,0,7.00276,169.93218,32.38036,0,0.43212,0,0,0,0
Burkina Faso,59.064415,389.35174,39.79758,351.798454,23.12357,381.97978,1.91928,372.69771,61.51576,983.71886,6.98881,76.45785,4.2481509,27.2550624,3.52,9.0356492
Burundi,78.839796,790.660116,802.765669,635.860403,861.18157,327.68107,42.43879,495.53002,18.24543,60.63614,28.96236,61.21529,6.867425,5747.3593371,251.6105014,2696.9526419
Cabo Verde,27.06371,147.55175,36.925,261.2017,0,300.1029,17.28609,339.25492,0.22709,142.62404,0.23078,165.11952,2.2213777,272.4426378,0,35.8712524
Cambodia,29.7681,219.93316,42.39126,1756.906793,66.0536,351.85944,1.35,327.16245,292.36668,685.38762,347.20676,1381.03587,235.93535,845.4896004,3469.8659102,1445.6127521
Cameroon,5.72,373.44105,35.15718,1266.77729,4.63677,1181.40937,27.72407,2677.04871,18.63157,472.01982,27.62987,355.64887,12.1126581,88.151331,0,17.012226
Canada,2.23731,3.75063,0,117.04505,0,31.85079,150.15607,31.90373,3151.762,1314.32025,3621.12049,1014.99491,2927.24108,2561.6052289,3027.33078,3207.4819029
Central African Republic,0,0,2.25796,0,71.60633,1108.22372,0.87939,3832.46847,3.70033,12.51968,673.7187,2843.61107,1111.1191869,735.6915953,1364.2010804,2515.2147889
Chad,74.849176,218.231432,32.44101,223.492668,6.77366,138.14183,181.97047,24.93182,9.17387,26.50242,16.40483,33.61172,5.7979521,32.8629189,16.8802345,36.3751376
Chile,1358.48988,753.23197,0,256.92149,0,56.05835,8.92696,14.50701,49.35426,95.87187,7.80443,71.38662,38.9706574,280.7029172,1.247,162.3697468
China,5614.43217,1137.189489,2756.792586,928.729734,673.93412,773.38183,43.54942,5544.92533,9507.45262,5270.51242,4080.93761,231.90707,13568.9488377,2068.7498452,13013.6866408,7377.9532382
Colombia,1212.244192,1515.176714,13.99727,402.212188,1.07711,505.58833,4945.55612,212.85808,114.82006,206.8456,342.30517,393.65113,2281.0203053,2256.4516617,596.969914,1108.0324382
Comoros,0.59694,26.84882,0,81.1149,0,19.72421,11.2473,9.88845,0,92.61316,0,151.18041,0,270.2560023,0,2.872295
Congo,4.15079,20.369381,9.64617,60.89849,36.26456,43.64537,1.7956,187.40922,5.40602,53.45269,2.81781,57.60141,0,8.7417811,4.66571,29.39689
Costa Rica,1.0235,1090.7124,14.554861,635.541222,0.4,265.2965,35.74144,556.13395,34.52905,285.39369,6.18483,367.21672,126.5214617,628.1850437,122.0039096,659.391085
CÃ´te d'Ivoire,1446.6147,2894.178373,1998.60825,9556.486267,912.91866,4824.68541,3.41151,589.24615,160.12167,301.39756,179.60828,262.24047,665.303962,3297.3575216,2238.3987704,2223.9287702
Croatia,0,5.22156,0,18.08206,0,250.48784,115.12112,1.27395,2.45111,0,0,2.25,0,1.07492,0,264.25
Cuba,10.83057,88.99034,1.461,129.31367,12.35277,167.86252,0,11.76281,0,6.53003,0,19.68973,0,9.7639282,0.05685,11.29593
Cyprus,127.41904,209.797064,40.43351,93.330877,67.46542,84.53851,0,0.10982,9.411,0,1.2899,47.5535,54.253,7.23481,3.2559328,13.2178993
Czechia,174.88988,0,107.63889,49.39403,20.42572,206.79809,0,0.64767,1328.94493,39.834,2095.16056,489.35475,138.68,25.7247958,1.495,32.6550719
Democratic People's Republic of Korea,0,0,22.83894,10.8157,16.51451,0.51526,0,33.82819,0,2.15783,0,0,0,0.05,0,0
Democratic Republic of the Congo,1313.72845,21621.655779,1025.90534,22806.3752400001,3876.07591,19288.71918,7.06691,20414.15203,1729.85,23290.28746,1644.22265,20800.87158,3131.6673728,18515.349351,759.4323197,8990.2496347
Denmark,2877.839141,9944.54521899999,11868.955287,18691.598881,26949.81174,10751.14257,3185.22536,15344.07164,13742.35983,12005.61373,18254.3214,16010.92512,8988.7947168,17504.7535236,22349.7204959,26784.8604256
Djibouti,1.28701,34.33887,0,2.76328,0.40678,55.90476,16855.24097,91.17093,5.54633,24.91071,0,6244.57496,38.87856,5761.2110718,170.6743416,641.9923492
Dominica,0,39.25782,0,10.99952,14.69,108.00624,0.0875,68.05239,0,53.05059,1.01576,43.24011,0.80581,53.58338,0,9.7777859
Dominican Republic,0.37544,238.46915,26.464,112.87877,77.34,80.56786,0,49.84407,4.86,364.27944,3,925.12813,37.91501,2339.1936094,19.5,200.98278
Ecuador,0,42.24299,0,39.92368,284.98072,61.20614,182.7804,82.7038600000001,0,82.02128,5.58029,65.76185,0.54278,87.42609,7.83237,121.0381798
Egypt,59.366121,1290.987322,21.293994,1295.0898,266.68449,1348.31534,76.32,6047.86508,19.30893,5097.21532,1.516,1974.87982,0,1262.9903348,291.0333,128.63432
El Salvador,20.24464,153.50106,55.7031,360.3149,100.78426,297.96446,43.07214,689.4055,99.03915,510.68122,3503.78087,1329.0406,1145.4126793,4895.81976,3526.2684661,5471.5800503
Equatorial Guinea,0,3.22937,0,0.3996,0,4.33226,84.76006,0,0,0,0,0,0,0,0,0
Eritrea,0,15.66892,0,10.29589,0,8.79281,0,6.95793,0,6.13616,0,10.17213,0,13.4058832,0,6.2331472
Estonia,0,16.432,0,0,0,0,0.60927,0,0,0,0,0,0,0,0,0
Ethiopia,114.2944,579.068257,120.198697,3354.936505,104.78971,4871.39435,0,6562.59865,388.22582,10256.70026,160.55452,5481.90286,78.2093379,9116.6245237,906.4052581,5554.3857036
Fiji,4.46988,175.197463,0.66468,101.72344,0.33826,77.05857,70.48328,87.45229,0,119.63309,0,61.8382,6.3720316,88.8330778,3.03753,79.9061816
Finland,0,0,0,0,0,0,0.37946,0,18.68966,1.95324,30.58501,10.07938,1.5300546,5.8388888,11.92714,28.1565548
France,2391.501945,2223.508139,1274.70305,1547.55009,4783.68407,2242.15997,0,2815.94307,5021.40891,4316.57179,1657.799,1825.29848,22893.2123092,3738.8497009,20144.8308936,4544.3011834
Gabon,20.81532,21.71506,1.72662,34.13728,8.71956,63.23405,638.14616,87.68614,1.77994,102.54612,10.30865,21.6563,11.4775386,0.8425937,0,0
Gambia,18.49116,135.214327,87.67358,186.939894,88.25434,72.95103,54.77054,41.94337,6.54456,41.63155,7.20999,49.31121,3.3054383,43.8987544,0,8.9171114
Georgia,0,8.45892,0,0.45,3.62439,26.15265,21.08874,131.19027,17.3255,152.91431,4.80538,49.64272,9.6760252,23.7939538,12.9,36.1753781
Germany,1154.93454,460.148788,14644.67636,1375.06292,3235.55439,436.51307,2.8779,332.11136,1359.60271,534.88317,1157.09434,454.65845,8829.3929798,307.4888904,7890.3594009,1189.585717
Ghana,8.384467,199.76618,19.52386,225.145466,28.46136,318.83068,1790.47541,806.43006,7.06731,909.393269999999,3.68894,48.38975,97.043939,447.8114134,937.9076658,1252.7237311
Greece,0,28.5,0,20,0,161.5,11.06833,40.5,129.07432,96.7,487.325,3.61528,0,2.2238085,0,99
Grenada,0,25.262485,0,0.65795,0,15.42792,155.47264,0.19227,0,1.78337,0.95697,6.42982,1.37163,33.2908921,32.9629629,18.9082147
Guatemala,3695.711551,4944.92436,2124.199551,11529.638051,3686.07315,15255.91654,0,20862.68867,2595.42777,28153.40851,4231.10929,271.50191,76.4085018,500.5623467,639.852175,2271.5039599
Guinea,43.90644,63.83653,315.22039,977.305013,0,24.38975,2538.44997,26.64623,22.70858,639.49344,118.8303,299.82233,872.7328313,14460.7787326,1508.7288266,6994.5743175
Guinea Bissau,27.62786,7.14084,96.61025,968.73982,10.17255,83.64745,9.99586,3.09737,0,18.54384,0,0.30179,2.866618,38.4069416,0,3.3263618
Guyana,0,0,0,0,0,1.0302,3.94185,5.99697,0,59.41352,0,12.31685,0,27.9016096,0,10.77285
Haiti,47.72341,1679.75615,1840.17816,3089.60089,3853.48721,8833.55579999998,0,6891.45855,6210.68586,12538.24001,4220.96422,5229.48893,3347.1991981,8383.0956053,1453.2767527,6956.7739719
Honduras,1.010629,63.05275,1.04533,39.42478,0,447.03821,5236.67945999999,131.50644,6.97439,121.5208,3745.16401,55.26699,12349.3146055,100.0960042,31246.9865511,552.5137856
Hungary,0,17.94975,0,347.025,0,63.033,73.14622,315.04769,0,95.37666,0,138.88387,0.98758,18.414147,40.5,0
Iceland,0,0,0,0,0,0,0,84.896,0,0,0,0,0,0,0,0
India,127698.068197,2851.089009,45993.520351,6232.856357,13371.65228,5575.50479,0,3266.42342,8967.6094,1422.43999,18589.31199,1055.85487,10361.3975327,759.7971251,7325.5155648,3375.3653737
Indonesia,10.91001,8753.63432000001,7.52844,868.126744,44.19269,5400.93936,14279.12981,661.98718,311.09463,1166.59721,7.3381,581.76527,4.0934548,342.0090495,21.628537,348.826199
Iran (Islamic Republic of),0,37.73804,0,337.62071,0,158.74471,36.02704,52.46914,3.39026,58.26363,8.64884,33.2496,8.5977,58.58213,0,31.76787
Iraq,491.61694,3528.93111,46.85352,3397.16009,21.76125,632.38196,2.21453,1652.3373,17.8,96.095,3096.92262,7419.99743,2998.66974,3608.3572012,1116.77647,5173.2814797
Ireland,170.52635,161.22322,264.49604,50.97044,0,593.04125,258.469,86.20196,383.30761,23.38686,561.80343,41.72241,402.5200616,158.745043,287.5326601,604.8144927
Israel,1137.05692,806.78743,595.34927,1164.263005,238.00767,506.85824,387.17873,691.79202,231.93127,867.62511,988.43613,1103.16088,1603.9553744,599.2082196,4307.3603988,680.8710975
Italy,2561.278364,1827.173952,2121.18127,1893.2145,1062.3927,2706.72374,185.04355,1870.04843,2168.3354,1287.44237,547.62237,1565.90206,1732.1155574,2806.4059894,2320.7452437,1665.8786059
Jamaica,1.82479,379.33563,0,114.26563,0,159.52988,1025.51653,338.05044,0,35.67686,0,64.83381,62.1586073,41.542095,484.1930986,274.4905226
Japan,25590.553493,742.110768,27339.669102,80.43555,33598.83592,1090,1.37,272.23617,35293.03554,604.10211,31002.01565,832.62545,38847.8288933,648.4865167,25134.4551024,410.5202389
Jordan,426.167212999999,15356.284798,356.123508,10318.1122529999,1258.09131999999,6304.28528999999,43132.91469,4758.60131000001,9423.51888999998,2716.14787000001,4144.46577,5674.99701,2679.9602217,4209.1879651,10483.8027602,7643.6583588
Kazakhstan,3.602273,251.23778,0.79423,394.605991,6.26349,258.84613,5494.62315,27.95166,0.54327,37.08392,0,39.73469,1.7809455,46.0812811,0,13.6
Kenya,887.739845,27420.2388720001,2152.13285,27779.022494,3495.14748,22578.36803,1.10755,27701.80717,8724.15323,22516.8109199999,1835.54218,8907.95527,4199.676528,12947.5478641,1527.263121,8565.0916899
Kiribati,0,11,0,0,0,0,4795.46987,24.4,0,0,0,12,0,33.6933523,0,7.05882
Kuwait,0.44576,336.84653,29.118,560.91418,141.53842,1570.81272,0,2387.12991,451.2743,2933.80264,82,375.44962,4.76635,565.96098,286.42524,1352.4048899
Kyrgyzstan,0.04126,18.50358,0.10456,24.11975,225.94282,78.82252,663.625,9.41757,0.15486,6.61161,1.30535,8.10975,3.7303696,20.4379465,0.1704364,39.0584377
Lao People's Democratic Republic,4.2988,55.84581,17.80716,208.585377,2.16428,28.10286,4.40812,15.56799,0,0.231,0,3.19469,0,194.9523043,30.5,36.6427
Latvia,0,0,94.20168,0,0,4.25665,0,0,0,0,0,0,0,4.7681552,0,0.608
Lebanon,100.746298,2128.705211,0,1847.511613,2081.97231,1649.52726,0,2106.13914,890.27531,1430.88819,54.53515,598.19589,45.777648,1078.437637,4779.36815,410.1112938
Lesotho,0,57.06327,0,34.8208,0,45.17155,200.70522,96.34002,21.84203,97.787,26.71732,10.23923,0,8.8104366,2.22718,11.1166503
Liberia,207.82782,2729.16894,788.12799,2563.60432,1166.85681,3884.06889,31.23992,2074.53768,1182.27034,1209.32686,228.83795,617.15716,177.7106,6392.89295,85.7471265,2891.2271088
Libya,27.74428,73.67261,0,56.40884,0,218.3594,1236.28765,488.01007,23.63537,418.31281,59.38525,504.54892,8.6407052,1224.8270991,30.500251,107.7611711
Liechtenstein,0,0,0,0,0,0,0,0,0,0,0,0,0,0,0,0
Lithuania,1.20363,25.21098,0,0,0,0,0,0,0,0,0,20.61021,0,0.48,0,0
Luxembourg,0,0,0,19.94902,0,8.52857,0,37.93266,0,135.5273,2.8232,160.10631,0.7098901,161.82314,0,85.24273
Madagascar,1.34264,140.89901,8.24061,95.27892,4.44864,54.67059,0,290.07148,0,112.1529,0,106.25229,1.4567019,179.0987996,0,139.06014
Malawi,764.74,137.43494,19.96,21.40614,0.03316,41.99257,1.74324,222.2408,0,240.79298,0,232.13773,0,116.386821,1.0710324,407.96892
Malaysia,0,89.24566,0.25457,56.042436,1158.1769,67.00448,0,206.11539,19.27245,103.99474,2.87383,164.44017,0.569,83.155131,0.234,25.7100148
Maldives,0,160.819129,0.69804,51.64999,5.54571,35.16727,0.40923,53.12795,435.51437,1064.39724,2763.0879,2563.89529,13.5734203,1286.5093164,15.1036856,752.5778893
Mali,61.45856,170.057655,80.87491,703.560566,12.20399,224.83127,1.484,189.53324,111.80545,285.0058,1773.32989,1242.55706,1107.0227271,1644.8692236,1788.3456273,6487.2000807
Malta,0,2.2,0,38.19444,0,4.22885,4.05407,48.61187,0,60.85842,0,29.60829,0,0,0,0
Marshall Islands,0,0,0,0,0,0,0,20,0,11.99315,0,4.31509,0,5.93,0,0
Mauritania,1.28958,44.38971,0,39.422747,0,37.16497,0,32.26065,0,20.53344,0.7212,18.80587,2.4194519,28.2228604,0,26.5243303
Mauritius,13.4667,85.3435500000001,87.38435,36.373638,592.63928,95.73493,42.98462,107.2349,72.45767,686.86226,2.7201,1001.51547,3.9513975,303.9172396,0,110.5416315
Mexico,4.5011,313.9948,0,243.3931,19.6565,75.5922,526.00448,81.03827,117.753,174.16996,295.04439,65.64042,1166.1336131,670.2883416,804.2035688,225.8052868
Micronesia (Federated States of),0,44.09042,0,279.47041,0,394.28139,9.89,52.49283,1.05414,310.95849,0,10.32099,0,21.35688,0,0
Monaco,0,1.1,0,0,0,0,0,0,0,0,0,0,0,0,0,0
Mongolia,0,20.36648,0,18.00685,0,26.73242,0,78.70722,5.64244,113.71754,6.82898,102.04473,3.7624064,79.662225,0,8.9156468
Montenegro,0,1.93005,0,2.00889,0,0,11.55868,20.70938,0,0,0,0,0,-0.0075839,0,0
Morocco,29.33628,87.50661,303.52215,481.041939,133.76524,943.22937,0,926.394939999999,45.72809,792.42957,87.6645,272.42802,23.4206412,273.3901162,26.3914684,753.7617946
Mozambique,0.06186,112.083616,0,32.986502,0,80.37436,255.61816,92.04529,8.70433,40.95456,13.78854,18.23451,2.8488233,48.498539,1.7992356,58.6130507
Myanmar,106.729863,173.819516,365.978772,3585.253838,960.004089999999,3013.29255999999,8.89849,2519.16244000001,2486.35522,1917.97352,3068.04205,866.020900000001,3471.4048463,7273.0362444,6908.4740659,8549.9941177
Namibia,0,160.492272,48.0499,292.3366,56.5442,358.90881,1642.45630000001,501.74611,1.47331,250.21937,8.45986,67.82895,0,70.233692,0,22.6166224
Nauru,0,11,0,11,0,0,37.15278,0.27921,0,0,0,0,0,0,0,0
Nepal,65.63432,227.356491,41.93395,400.18113,10.3236,601.67631,0,580.65871,9.26913,487.79542,7.88209,386.68446,720.9124665,1003.9021902,1197.9213734,6795.4087497
Netherlands,607.16855,934.774697,1547.208529,856.563739,1305.12074,211.42583,3.64464,577.42254,10616.32582,1061.16363,13756.01711,2792.50196,12146.3593248,1146.0947089,37641.6841968,8840.2420103
New Zealand,191.01266,0,0,61.13721,182.976,11.086,2505.02259,13.07646,319.365,43.523,669.7352,36.81933,0.13266,203.880088,1228.269593,174.075762
Nicaragua,3720.54957,149.43049,301.14031,669.43406,882.15265,2642.49288,175.6734,536.74222,77.65472,189.15977,35.31998,365.9314,7.3575887,898.865687,14.8487613,2.54125
Niger,4.04154,261.72462,15.00193,334.10118,5.00345,280.81042,547.44851,183.25981,1.94069,53.22859,0,41.44939,0,55.2744067,7.0125249,23.4788968
Nigeria,216.966299,559.297121,242.331973,2800.652924,41.99305,862.5486,19.03593,703.56136,437.41879,561.46539,853.59138,1189.59443,269.5126744,382.3096873,139.4618646,851.9411938
Norway,214.162514,390.65534,79.33819,376.139692,102,143.21187,955.29121,95.93326,103.4215,220.51858,9.61378,520.31902,35.1264605,1877.1468283,15.43427,1298.0055788
Oman,0,0,0,0,0,0,50.70024,0,113.0091,0,0,13.4758,104.75,0.359,124.9325,2.140298
Pakistan,0,0,0,0,571.58068,2069.75715,825.8,2748.04027,283.17249,2794.3696,42.94774,803.75663,45.1499881,1783.6773804,108.3562517,332.5661885
Palau,75.35799,6602.203107,34.18836,1081.553025,0,2.3265,2441.61004,0,0,7.57091,0,3.96753,0,1.861,0,0
Panama,1306.27179,1578.32312,49.24298,784.562070000001,108.64937,457.25268,0,756.639130000001,60.00033,730.028109999999,129.47975,2861.46838,44.0522,6607.6898049,71.2023147,2154.5495198
Papua New Guinea,0,16.17662,0,50.92583,0,38.56304,125.19492,17.89912,0,25.08154,0,52.66155,0,25.2518626,0.5225342,49.5886501
Paraguay,0,110.13091,872.69175,85.8672299999999,894.83131,8.41718,0,666.33637,2871.91833,35.08094,12.99429,65.41226,31.1647495,7943.3245058,36.91735,3965.1768939
Peru,121925.891318,84335.7149140002,102402.418136,97901.4313999999,51198.15178,58986.5987900001,10872.86485,49269.87525,28832.97767,14554.69535,25147.26362,9397.85939,9211.9958675,34531.9710886,3840.6859294,124012.7445142
Philippines,18.999888,439.860313,21.075669,809.063139,14.83566,615.34082,34206.09182,721.24484,75.62645,588.02887,19.99236,254.29887,7.1709755,39.745197,13.1469592,216.9286956
Poland,0,0,0,0,0.5,79.45,61.66139,277.78739,0,1.52542,0,0,0,0.291555,0,7.35271
Portugal,9.7664,131.701595,0,7.39275,77.1048,84.77238,0,45.20823,41.7186,61.82423,43.41677,33.25662,0,60.0225439,22.95586,79.7069819
Qatar,0,0,2.472527,29.09948,10.54803,0.67308,0,380.17163,0,207.5071,0,1.75776,0,0,0,0
Republic of Korea,880.67394,489.508896,1462.4745,207.36496,275.52048,92.9133300000001,7.3167,20.10436,1229.81372,49.94107,0.19249,9.29677,1878.5513206,137.1906942,1208.06602,302.40901
Republic of Moldova,1184.60711,4.861316,0,0.665306,0,7.81885,435.18859,0.59167,45.95586,9.34522,0,5.764,6.6798551,15.3349513,0,135.4
Romania,0,20.808712,0,7.53608,0,6.33724,43.92664,31.97976,0,373.91551,0,380.03817,0,0.8264499,0,8.6456626
Russian Federation,0,46.993479,0,133.87794,0,120.90887,0.40068,357.71227,11.32039,505.44412,5.68737,382.88608,3.7343311,192.9826969,0,36.4766193
Rwanda,52.77225,334.435395,27.19964,113.85058,1.8085,25.73259,29.86601,47.57486,0,76.36225,0,12.38322,0,13.4950433,1.714,8.4164999
Saint Kitts and Nevis,0,337.11742,0,40.17526,0,50.15582,1.99112,0.22217,0,2.69403,0,11.24179,0,6.72052,3.6203703,8.5584073
Saint Lucia,2.54901,159.267561,0,147.33383,0,12.54848,0,1.17904,7.67988,15.89793,7.06602,29.9283,65.4360596,106.7631887,8.2940622,1661.1575198
Saint Vincent and the Grenadines,0,1.15942,0,0.20022,0,0.04951,1.06296,0,2.62344,0.41878,0.32,8.78162,0.355837,13.3835173,34.3772448,11.3978722
Samoa,0,118.365963,0,26.72422,7.75455,14.62694,0,29.53504,0.17556,16.00057,1.65483,34.11821,0,41.3075281,7.9105328,2.07612
San Marino,0,0,0,0,0,0,0.305,0,0,0,0,0,0,0,0,0
Sao Tome and Principe,0,3.7914,0,0,0,4.51676,0,14.90503,0,120,0,53.56476,0,226.8328708,0,0
Saudi Arabia,0,0,0,0.372,53.13,10,0,0,0,0,0,0,0,0,0,0
Senegal,232.33356,1984.05484,215.80802,1957.223258,121.13657,1689.9394,0,1806.37374,104.17772,1090.87784,60.17519,691.17117,72.5443546,459.9508172,33.2610637,291.7251076
Serbia,459.91864,858.104129000001,185.77505,750.37418,164.90501,663.99428,90.48744,1407.35038,1558.24426,2921.94662,1415.65735,6530.06137,1332.3840012,7676.1103576,1085.2457649,13310.6032002
Seychelles,2.67296,99.90499,0,83.28176,2.3948,1677.35555,492.53167,1339.33523,139.51636,1461.89439,255.10481,263.33968,7.4918391,382.8098939,109.7708,58.7244459
Sierra Leone,37.9395,112.14187,34.75262,595.31643,228.10185,105.91187,43.98377,55.36991,257.94726,1009.24711,266.42552,380.64897,596.7905516,583.9627438,316.4601674,3881.7259196
Singapore,11.1816,52.17081,181.07384,108.55592,138.0871,515.55636,41.39365,395.10744,470.27542,936.55604,423.07536,714.73304,462.7401796,653.3469293,116.49539,4187.5960593
Slovakia,0,84.028702,0,34.057797,0,125.32296,44.04158,93.9178,0,113.40654,0.50996,47.08213,0,0.0925534,0,10.682
Slovenia,0,0,0,24.24782,0,0,0,0,0,0,0,2.67592,28.844,252.96008,0,0
Solomon Islands,0,5.92926,0,49.06185,0,14.09326,24.564,21.04392,0,25.48802,0,31.71758,0,30.5035961,3.9809219,82.3858188
Somalia,0.55175,213.45218,0,10.4784,0,0,0,51.7446,3.24,96.8982,1499.42406,5828.77185,1806.49608,11792.81992,1035.5730119,13162.3498593
South Africa,9377.24441,16644.534223,6909.255472,16268.59943,5753.5653,3512.30471,0,4720.38834999999,11366.59453,6713.21838,122.861,6691.20989,6715.2348686,14243.5932587,11525.3345618,13704.3718411
South Sudan,0,0,0,0,596.6334,601.51342,7045.83111,1205.76817,2431.51104,5523.80451,1242.44767,8818.54371,1078.6245568,5381.4185081,3286.4726856,6801.9941483
Spain,497.75348,2508.2923,933.3786,899.33745,113.21169,537.32059,273.43656,6623.67664,1649.53893,12105.59757,199.61188,664.94269,352.4840081,659.6019581,2021.0772586,539.0088706
Sri Lanka,6404.47736700001,15998.658843,10629.354275,14596.953757,4868.32698,6419.39629999999,827.18603,3873.92765100001,1335.0285,4611.69604,1092.89343,2106.99389,1122.1868007,4690.4948581,1362.2631724,3673.3070729
Sudan,989.230966,11643.215011,1377.111535,3725.09513,874.05246,3860.85181,1593.171979,1754.18054,284.30074,1597.62932,998.00566,1617.54296,356.2097887,1258.8326858,1035.9392374,2057.0031943
Suriname,0,7.86784,0,4.5127,0,13.60073,847.82577,23.82081,2.1907,24.42372,2.41575,24.44319,0.2074089,21.5342383,0.8351312,22.60603
Swaziland,0,9.68652,0,0.7866,0,28.8162,1.7787,20,0,251.731,0,0,0,0.391806,0,0.6059999
Sweden,0,679.84785,765.95885,1244.34418,179.5029,469.05943,0.16149,397.91564,0,457.20686,80.911,73.02765,59.7023344,91.0938863,2.9870457,96.3365546
Switzerland,12973.272852,5543.928802,12881.983502,9521.96694799999,1633.21821,6313.01221,0,3841.18289,3554.41148,4950.56438,711.00945,8896.42842000001,289.8933822,8892.0534453,2639.6812341,8329.4456452
Syrian Arab Republic,21.684314,34.452677,1.63369,122.55231,0.54,20.36174,408.72851,25.54059,0,0.0909,0,15647.7678,45.6138729,8759.3189416,131.21538,2933.2540586
Tajikistan,1.69645,4.92727,0,3.67972,41.73443,16.18145,2.14952,24.41799,0.42,7.7658,1.8945,3.64547,0.6233592,27.7612744,0,3.98943
Thailand,78.74869,585.601032999999,548.67898,894.422315,912.405149999999,583.96969,0.24808,528.29197,1290.94852,607.65296,1318.43348,553.2623,1109.9249007,792.3143162,3375.9517102,975.8894533
The former Yugoslav Republic of Macedonia,3.82123,35.57566,0,43.449287,6.30809,38.35318,931.62,17.07007,0.53738,14.80487,0.46597,20.62947,0.7656309,20.0013134,0.1057921,12.4764575
Timor-Leste,23.5445,234.90239,0,26.08,0,78.84207,0.41107,22.2223,0,74.88305,0,14,1.20455,4.9045262,0.39214,13.62766
Togo,2.74093,85.026459,320.60546,111.96296,0,79.42264,0,26.32163,0,37.89159,2.69615,32.2283,0,27.3192833,3.2290944,20.0122506
Tonga,0,20,0,15,0,28.9,0,0.37267,0,0.098,0,0,0,41.0671641,0,0
Trinidad and Tobago,0.41489,115.72401,0,249.7696,0,49.24637,0,11.03277,3.78587,61.68611,4.50922,34.93393,0,48.6706417,1.05234,4284.1408564
Tunisia,11.8786,426.452898,6.25538,904.8488,12.39848,225.77585,2.90748,399.80206,267.66337,1269.19241,859.6996,7005.9737,191.613522,5705.288171,98.9699191,3342.4764757
Turkey,15.68309,1914.78716,623.501,5569.75683,998.65904,2913.26683,98.7405100000001,263.82779,181.2,1425.439,180.245,43.86653,81.60865,47.1169521,547.1392518,168.6843382
Turkmenistan,0,3,0,90.62119,0,23.97809,16.46943,0,0,2.5156,0,0.56742,0,1.92542,0,2.06238
Tuvalu,0,11,0,0,0,22.556,0,17.5,0,0,0,0,0,0,0,0
Uganda,353.78075,3273.35526,423.00382,8883.072964,1173.63215,15904.20798,0,17775.62519,289.8993,8639.29106000001,173.43782,1790.72222,148.9601432,925.8356169,1004.458556,1972.2111519
Ukraine,55.696,37.31865,2.53613,597.197259,5.63315,1030.49651,1232.63185,2857.80696,10322.56975,2136.10081,2686.79701,1581.92837,920.47221,1705.1707358,1882.8450341,1783.1026653
United Arab Emirates,4163.666946,7352.031708,4226.24394,13405.57162,2929.13855,6735.65677,1538.55543,7054.01949000001,3546.48968,11619.43572,10092.3894,9334.4457,2803.3422992,14697.865475,10683.16137,14651.7025167
United Kingdom of Great Britain and Northern Ireland,14157.902104,38877.506936,18298.99834,41735.251228,22039.85869,37761.56088,4701.66729,35682.7249999999,14526.62859,56769.30863,18280.41589,66290.62636,8442.1252433,30553.3340352,6775.0817048,71489.4887724
United Republic of Tanzania,49.812483,1090.16674,16.89071,377.724068,12.77263,356.44938,15437.9896,403.34747,205.12829,411.38305,38.2285,279.49836,3.8516482,370.2993602,0,3009.4173413
United States of America,2531.239271,24467.557644,4182.0223,26469.54905,7645.43217,36507.88991,7.34361,38047.93016,19806.02406,47278.38731,13558.24448,39264.89405,21484.3277309,35311.0823971,14808.6144867,24544.2275984
Uruguay,1273.47409,787.037498,787.037498,108.169366,108.169366,1273.47409,1546.82988,393.82223,2408.82129,246.15735,815.29373,11480.94071,245.6233275,3238.9614375,27.2448383,8283.9930102
Uzbekistan,9.08668,11.22902,11.22902,30.762695,30.762695,9.08668,51.57852,0,7.07116,0,4.24991,258.86745,6.8112641,20.989923,0,0.404
Vanuatu,0,14,14,5,5,0,18.074,0,30.39988,0,21.65,2.22225,0,3.315,0,0
Venezuela (Bolivarian Republic of),0,9.52,9.52,32.56597,32.56597,0,33.04441,0,38.41514,0,89.66098,0,0,24.1392885,0,40.6031713
Viet Nam,0,292.31069,292.31069,388.32206,388.32206,0,82.00495,1.628,61.19521,0,64.03365,0,1.6,74.2350838,0.1370004,60.4168532
Yemen,32.59248,195.16487,195.16487,130.776072,130.776072,32.59248,41.5993,10.07,48.27219,0,8955.9951,0.80374,35.4450589,973.2918357,17.41336,404.5531608
Zambia,2.415,66.16435,66.16435,92.66501,92.66501,2.415,43.07429,7.8477,65.016,0,60,4.993,1.6193021,283.6979984,8.618906,47.0932312
Zimbabwe,35.444,128.32506,128.32506,159.62772,159.62772,35.444,1337.34411,398.8804,470.98769,11.3622,1278.506,0,2.133,174.8972,23.50946,502.04221
All countries,442680,428800,496230,519290,318290,459960,247130,492590,250228,499103,229571,439464,244450,472545,321858.9,578319.7
